#
# A fatal error has been detected by the Java Runtime Environment:
#
#  EXCEPTION_ACCESS_VIOLATION (0xc0000005) at pc=0x00007fff41ecb3d9, pid=1808, tid=18296
#
# JRE version: OpenJDK Runtime Environment Temurin-25.0.2+10 (25.0.2+10) (build 25.0.2+10-LTS)
# Java VM: OpenJDK 64-Bit Server VM Temurin-25.0.2+10 (25.0.2+10-LTS, mixed mode, sharing, tiered, compressed oops, compressed class ptrs, g1 gc, windows-amd64)
# Problematic frame:
# C  [awt.dll+0xdb3d9]
#
# No core dump will be written. Minidumps are not enabled by default on client versions of Windows
#
# If you would like to submit a bug report, please visit:
#   https://github.com/adoptium/adoptium-support/issues
# The crash happened outside the Java Virtual Machine in native code.
# See problematic frame for where to report the bug.
#

---------------  S U M M A R Y ------------

Command Line: -XX:CompileCommand=quiet -XX:CompileCommand=exclude org.eclipse.jdt.internal.core.dom.rewrite.ASTRewriteAnalyzer::getExtendedRange --add-opens=java.base/java.io=ALL-UNNAMED --add-opens=java.base/sun.nio.ch=ALL-UNNAMED --add-opens=java.base/java.net=ALL-UNNAMED --add-opens=java.base/sun.security.ssl=ALL-UNNAMED -Dosgi.requiredJavaVersion=21 -Dosgi.dataAreaRequiresExplicitInit=true -Declipse.e4.inject.javax.warning=false -Dorg.slf4j.simpleLogger.defaultLogLevel=off -Declipse.platform.mergeTrust=true -Dp2.trustedAuthorities=https://download.eclipse.org,https://archive.eclipse.org,https://cdn.spring.io -XX:+UseG1GC -XX:+UseStringDeduplication --illegal-access=permit --add-modules=ALL-SYSTEM SpringToolsForEclipse

Host: 11th Gen Intel(R) Core(TM) i5-1135G7 @ 2.40GHz, 8 cores, 7G,  Windows 11 , 64 bit Build 22621 (10.0.22621.5415)
Time: Tue May 12 21:03:14 2026 India Standard Time elapsed time: 6259.109445 seconds (0d 1h 44m 19s)

---------------  T H R E A D  ---------------

Current thread (0x00000249247fd6d0):  JavaThread "AWT-EventQueue-0"        [_thread_in_native, id=18296, stack(0x00000077be500000,0x00000077be600000) (1024K)]

Stack: [0x00000077be500000,0x00000077be600000],  sp=0x00000077be5fee50,  free space=1019k
Native frames: (J=compiled Java code, j=interpreted, Vv=VM code, C=native code)
C  [awt.dll+0xdb3d9]  (no source info available)
C  [awt.dll+0xda7aa]  (no source info available)
C  0x000002490753d293  (no source info available)

The last pc belongs to native method entry point (kind = native) (printed below).
Java frames: (J=compiled Java code, j=interpreted, Vv=VM code)
j  sun.awt.Win32GraphicsConfig.getBounds(I)Ljava/awt/Rectangle;+0 java.desktop@25.0.2
j  sun.awt.Win32GraphicsConfig.getBounds()Ljava/awt/Rectangle;+8 java.desktop@25.0.2
j  sun.awt.Win32GraphicsDevice.displayChanged()V+23 java.desktop@25.0.2
j  sun.awt.Win32GraphicsEnvironment.displayChanged()V+271 java.desktop@25.0.2
j  sun.awt.windows.WToolkit.lambda$displayChanged$0()V+15 java.desktop@25.0.2
j  sun.awt.windows.WToolkit$$Lambda+0x0000000038265a30.run()V+0 java.desktop@25.0.2
j  java.awt.event.InvocationEvent.dispatch()V+47 java.desktop@25.0.2
j  java.awt.EventQueue.dispatchEventImpl(Ljava/awt/AWTEvent;Ljava/lang/Object;)V+21 java.desktop@25.0.2
j  java.awt.EventQueue.dispatchEvent(Ljava/awt/AWTEvent;)V+22 java.desktop@25.0.2
j  java.awt.EventDispatchThread.pumpOneEventForFilters(I)V+81 java.desktop@25.0.2
j  java.awt.EventDispatchThread.pumpEventsForFilter(ILjava/awt/Conditional;Ljava/awt/EventFilter;)V+35 java.desktop@25.0.2
j  java.awt.EventDispatchThread.pumpEventsForHierarchy(ILjava/awt/Conditional;Ljava/awt/Component;)V+11 java.desktop@25.0.2
j  java.awt.EventDispatchThread.pumpEvents(ILjava/awt/Conditional;)V+4 java.desktop@25.0.2
j  java.awt.EventDispatchThread.pumpEvents(Ljava/awt/Conditional;)V+3 java.desktop@25.0.2
j  java.awt.EventDispatchThread.run()V+9 java.desktop@25.0.2
v  ~StubRoutines::call_stub 0x00000249075312ed

siginfo: EXCEPTION_ACCESS_VIOLATION (0xc0000005), reading address 0x0000000000000028


Registers:
RAX=0x0000000000000000, RBX=0x0000024913357a70, RCX=0x0000000000000000, RDX=0x0000000000000000
RSP=0x00000077be5fee50, RBP=0x0000000000000000, RSI=0x0000000000000000, RDI=0x0000000000000000
R8 =0x0000000000000001, R9 =0x0000024917305440, R10=0x00000249107d05d8, R11=0x0000000000000004
R12=0x0000000000000000, R13=0x000002492388ac30, R14=0x000002491bd913c0, R15=0x0000000000000000
RIP=0x00007fff41ecb3d9, EFLAGS=0x0000000000010246

XMM[0]=0x0000000000000000 0x0000000000000000
XMM[1]=0x0000000000000000 0x00000077be5fef20
XMM[2]=0x0000000000000000 0x0000000000000000
XMM[3]=0x0000000000000000 0x0000000000000000
XMM[4]=0x0000000000000000 0x0000000000000000
XMM[5]=0x7363696870617247 0x32336e69575f7477
XMM[6]=0x0000000000000000 0x0000000000000000
XMM[7]=0x0000000000000000 0x0000000000000000
XMM[8]=0x0000000000000000 0x0000000000000000
XMM[9]=0x0000000000000000 0x0000000000000000
XMM[10]=0x0000000000000000 0x0000000000000000
XMM[11]=0x0000000000000000 0x0000000000000000
XMM[12]=0x0000000000000000 0x0000000000000000
XMM[13]=0x0000000000000000 0x0000000000000000
XMM[14]=0x0000000000000000 0x0000000000000000
XMM[15]=0x0000000000000000 0x0000000000000000
  MXCSR=0x00001fa0


Register to memory mapping:

RAX=0x0 is null
RBX=0x0000024913357a70 points into unknown readable memory: 0x0000024918c606d0 | d0 06 c6 18 49 02 00 00
RCX=0x0 is null
RDX=0x0 is null
RSP=0x00000077be5fee50 is pointing into the stack for thread: 0x00000249247fd6d0
RBP=0x0 is null
RSI=0x0 is null
RDI=0x0 is null
R8 =0x0000000000000001 is an unknown value
R9 =0x0000024917305440 points into unknown readable memory: 0x0000001e00000003 | 03 00 00 00 1e 00 00 00
R10={method} {0x00000249107d05e0} '<init>' '(IIII)V' in 'java/awt/Rectangle'
R11=0x0000000000000004 is an unknown value
R12=0x0 is null
R13=0x000002492388ac30 points into unknown readable memory: 0x00000249107d05d8 | d8 05 7d 10 49 02 00 00
R14=0x000002491bd913c0 points into unknown readable memory: 0x0000000087328320 | 20 83 32 87 00 00 00 00
R15=0x0 is null

Top of Stack: (sp=0x00000077be5fee50)
0x00000077be5fee50:   00007fff41f29838 0000024913357a70   8..A....pz5.I...
0x00000077be5fee60:   0000024913357a70 0000000000000198   pz5.I...........
0x00000077be5fee70:   00000249247fdb18 00007fff41eca7aa   ...$I......A....
0x00000077be5fee80:   0000024913357a70 0000024913357a70   pz5.I...pz5.I...
0x00000077be5fee90:   0000000000000000 00000077be5fefc8   .........._.w...
0x00000077be5feea0:   00000077be5fefa0 00007fff43435ba5   .._.w....[CC....
0x00000077be5feeb0:   00000077be5feed0 00000249247fd6d0   .._.w......$I...
0x00000077be5feec0:   0000000000000000 0000000000000000   ................
0x00000077be5feed0:   00006c8e7ae28fb2 00000249247fd6d0   ...z.l.....$I...
0x00000077be5feee0:   00000249247fd6d0 00000077be5fefc8   ...$I....._.w...
0x00000077be5feef0:   000002492028fdb0 0000000000000000   ..( I...........
0x00000077be5fef00:   000000000000030a 0000000000000198   ................
0x00000077be5fef10:   00000077be5fefa0 000002490753d293   .._.w.....S.I...
0x00000077be5fef20:   000000000000030a 000002492028fdb0   ..........( I...
0x00000077be5fef30:   000000000000030a 000002492028fdb0   ..........( I...
0x00000077be5fef40:   0000000000000198 0000024920281700   ..........( I...
0x00000077be5fef50:   000002490753cf6b fffffffffffffff7   k.S.I...........
0x00000077be5fef60:   000002492028fdb0 0000000000000005   ..( I...........
0x00000077be5fef70:   0000024920290dd0 0000000000000000   ..) I...........
0x00000077be5fef80:   00000000879da818 000002492028fdb0   ..........( I...
0x00000077be5fef90:   0000000000000000 00000077be5fefc0   .........._.w...
0x00000077be5fefa0:   00000077be5ff018 0000024907538cb2   .._.w.....S.I...
0x00000077be5fefb0:   0000000000000000 000002490753a75a   ........Z.S.I...
0x00000077be5fefc0:   0000000000000000 00000000a5a93ba0   .........;......
0x00000077be5fefd0:   fffffffffffffff7 000002492028fe58   ........X.( I...
0x00000077be5fefe0:   0000000000000002 0000024920290dd0   ..........) I...
0x00000077be5feff0:   0000000000000000 00000000879da818   ................
0x00000077be5ff000:   000002492028fe70 fffffffffffffff5   p.( I...........
0x00000077be5ff010:   00000077be5ff028 00000077be5ff078   (._.w...x._.w...
0x00000077be5ff020:   0000024907538cb2 00000000a5a93ba0   ..S.I....;......
0x00000077be5ff030:   fffffffffffffff7 0000024920282c67   ........g,( I...
0x00000077be5ff040:   0000000000000003 0000024920283bf8   .........;( I...

Instructions: (pc=0x00007fff41ecb3d9)
  0x00007fff41ecb2d9:   cc cc cc cc cc cc cc 48 89 5c 24 08 48 89 6c 24
  0x00007fff41ecb2e9:   10 48 89 74 24 18 57 48 83 ec 20 41 8b f8 0f b6
  0x00007fff41ecb2f9:   f2 48 8b e9 e8 1e cf f4 ff 48 8b d8 48 89 44 24
  0x00007fff41ecb309:   48 41 b8 01 00 00 00 8b d7 48 8b c8 e8 76 ce f4
  0x00007fff41ecb319:   ff 48 8b c8 44 0f b6 c6 48 8b d5 e8 a7 fa ff ff
  0x00007fff41ecb329:   48 8b f8 48 8b cb e8 ac d0 f4 ff 90 48 8b c7 48
  0x00007fff41ecb339:   8b 5c 24 30 48 8b 6c 24 38 48 8b 74 24 40 48 83
  0x00007fff41ecb349:   c4 20 5f c3 cc cc cc 48 8b 49 28 e9 17 07 00 00
  0x00007fff41ecb359:   cc cc cc cc cc cc cc 48 89 5c 24 08 57 48 83 ec
  0x00007fff41ecb369:   20 8b f9 e8 af ce f4 ff 48 8b d8 48 89 44 24 38
  0x00007fff41ecb379:   41 b8 01 00 00 00 8b d7 48 8b c8 e8 07 ce f4 ff
  0x00007fff41ecb389:   48 8b 08 8b 39 48 8b cb e8 4a d0 f4 ff 90 8b c7
  0x00007fff41ecb399:   48 8b 5c 24 30 48 83 c4 20 5f c3 cc cc cc cc cc
  0x00007fff41ecb3a9:   cc cc cc cc cc cc cc 48 89 5c 24 08 57 48 83 ec
  0x00007fff41ecb3b9:   20 8b f9 e8 5f ce f4 ff 48 8b d8 48 89 44 24 38
  0x00007fff41ecb3c9:   41 b8 01 00 00 00 8b d7 48 8b c8 e8 b7 cd f4 ff
=>0x00007fff41ecb3d9:   48 8b 78 28 48 8b cb e8 fb cf f4 ff 90 48 8b c7
  0x00007fff41ecb3e9:   48 8b 5c 24 30 48 83 c4 20 5f c3 cc cc cc cc cc
  0x00007fff41ecb3f9:   cc cc cc cc cc cc cc 48 89 5c 24 08 57 48 83 ec
  0x00007fff41ecb409:   20 8b f9 e8 0f ce f4 ff 48 8b d8 48 89 44 24 38
  0x00007fff41ecb419:   41 b8 01 00 00 00 8b d7 48 8b c8 e8 67 cd f4 ff
  0x00007fff41ecb429:   48 8b 78 30 48 8b cb e8 ab cf f4 ff 90 48 8b c7
  0x00007fff41ecb439:   48 8b 5c 24 30 48 83 c4 20 5f c3 cc cc cc cc cc
  0x00007fff41ecb449:   cc cc cc cc cc cc cc 48 89 5c 24 08 57 48 83 ec
  0x00007fff41ecb459:   20 8b f9 e8 bf cd f4 ff 48 8b d8 48 89 44 24 38
  0x00007fff41ecb469:   41 b8 01 00 00 00 8b d7 48 8b c8 e8 17 cd f4 ff
  0x00007fff41ecb479:   48 8b 78 08 48 85 ff 74 07 48 8b bf 08 0c 00 00
  0x00007fff41ecb489:   48 8b cb e8 4f cf f4 ff 90 48 8b c7 48 8b 5c 24
  0x00007fff41ecb499:   30 48 83 c4 20 5f c3 f3 0f 10 41 48 c3 cc cc cc
  0x00007fff41ecb4a9:   cc cc cc cc cc cc cc f3 0f 10 41 4c c3 cc cc cc
  0x00007fff41ecb4b9:   cc cc cc cc cc cc cc 48 89 5c 24 10 48 89 74 24
  0x00007fff41ecb4c9:   18 55 57 41 56 48 8d 6c 24 e0 48 81 ec 20 01 00


Stack slot to memory mapping:

stack at sp + 0 slots: 0x00007fff41f29838 awt.dll
stack at sp + 1 slots: 0x0000024913357a70 points into unknown readable memory: 0x0000024918c606d0 | d0 06 c6 18 49 02 00 00
stack at sp + 2 slots: 0x0000024913357a70 points into unknown readable memory: 0x0000024918c606d0 | d0 06 c6 18 49 02 00 00
stack at sp + 3 slots: 0x0000000000000198 is an unknown value
stack at sp + 4 slots: 0x00000249247fdb18 points into unknown readable memory: 0x00007fff43d5ddc0 | c0 dd d5 43 ff 7f 00 00
stack at sp + 5 slots: 0x00007fff41eca7aa awt.dll
stack at sp + 6 slots: 0x0000024913357a70 points into unknown readable memory: 0x0000024918c606d0 | d0 06 c6 18 49 02 00 00
stack at sp + 7 slots: 0x0000024913357a70 points into unknown readable memory: 0x0000024918c606d0 | d0 06 c6 18 49 02 00 00

Lock stack of current Java thread (top to bottom):

native method entry point (kind = native)  [0x000002490753cec0, 0x000002490753dac0]  3072 bytes
[MachCode]
  0x000002490753cec0: 488b 4b08 | 0fb7 492e | 584c 8d74 | ccf8 6800 | 0000 0068 | 0000 0000 | 5055 488b | ec41 5548 
  0x000002490753cee0: 8b43 084c | 8d68 3848 | 8b40 0868 | 0000 0000 | 5348 8b50 | 1848 8b52 | 7048 8b12 | 5248 8b53 
  0x000002490753cf00: 1048 85d2 | 7407 4881 | c2d0 0000 | 0052 488b | 5010 5249 | 8bc6 482b | c548 c1e8 | 0350 6800 
  0x000002490753cf20: 0000 0068 | f7ff ffff | 41c6 87f1 | 0400 0001 | 488b 4310 | 4885 c074 | 208b 8890 | 0000 0083 
  0x000002490753cf40: c102 8988 | 9000 0000 | 2388 a400 | 0000 0f84 | b80a 0000 | e9cf 0000 | 0048 8b43 | 1848 85c0 
  0x000002490753cf60: 0f85 b000 | 0000 e805 | 0000 00e9 | 9900 0000 | 488b d348 | 8d44 2408 | 4c89 6dc0 | 498b cfc5 
  0x000002490753cf80: f877 4989 | af38 0400 | 0049 8987 | 2804 0000 | 4883 ec20 | 40f6 c40f | 0f84 1900 | 0000 4883 
  0x000002490753cfa0: ec08 48b8 | 0032 4343 | ff7f 0000 | ffd0 4883 | c408 e90c | 0000 0048 | b800 3243 | 43ff 7f00 
  0x000002490753cfc0: 00ff d048 | 83c4 2049 | c787 2804 | 0000 0000 | 0000 49c7 | 8738 0400 | 0000 0000 | 0049 c787 
  0x000002490753cfe0: 3004 0000 | 0000 0000 | c5f8 7749 | 837f 0800 | 0f84 0500 | 0000 e9e5 | 41ff ff4c | 8b6d c04c 
  0x000002490753d000: 8b75 c84e | 8d74 f500 | c348 8b43 | 1848 85c0 | 0f84 1200 | 0000 8b48 | 0883 c102 | 8948 0823 
  0x000002490753d020: 482c 0f84 | e409 0000 | 493b a770 | 0500 000f | 8748 0000 | 0089 8424 | 00f0 ffff | 8984 2400 
  0x000002490753d040: e0ff ff89 | 8424 00d0 | ffff 8984 | 2400 c0ff | ff89 8424 | 00b0 ffff | 8984 2400 | a0ff ff89 
  0x000002490753d060: 8424 0090 | ffff 8984 | 2400 80ff | ff49 3ba7 | 6805 0000 | 7607 4989 | a770 0500 | 0041 c687 
  0x000002490753d080: f104 0000 | 0048 8b5d | e84c 8b5b | 0845 0fb7 | 5b2e 41c1 | e303 492b | e348 83ec | 2048 83e4 
  0x000002490753d0a0: f04c 8b5b | 604d 85db | 0f85 ab00 | 0000 e805 | 0000 00e9 | 9900 0000 | 488b d348 | 8d44 2408 
  0x000002490753d0c0: 4c89 6dc0 | 498b cfc5 | f877 4989 | af38 0400 | 0049 8987 | 2804 0000 | 4883 ec20 | 40f6 c40f 
  0x000002490753d0e0: 0f84 1900 | 0000 4883 | ec08 48b8 | 305b 4343 | ff7f 0000 | ffd0 4883 | c408 e90c | 0000 0048 
  0x000002490753d100: b830 5b43 | 43ff 7f00 | 00ff d048 | 83c4 2049 | c787 2804 | 0000 0000 | 0000 49c7 | 8738 0400 
  0x000002490753d120: 0000 0000 | 0049 c787 | 3004 0000 | 0000 0000 | c5f8 7749 | 837f 0800 | 0f84 0500 | 0000 e99d 
  0x000002490753d140: 40ff ff4c | 8b6d c04c | 8b75 c84e | 8d74 f500 | c348 8b5d | e84c 8b5b | 6041 ffd3 | 488b 5de8 
  0x000002490753d160: 4889 4518 | 440f b75b | 2c41 f6c3 | 080f 841b | 0000 004c | 8b5b 084d | 8b5b 084d | 8b5b 184d 
  0x000002490753d180: 8b5b 704d | 8b1b 4c89 | 5d10 488d | 5510 488b | 4358 49ba | 302f 7e43 | ff7f 0000 | 493b c20f 
  0x000002490753d1a0: 85ab 0000 | 00e8 0500 | 0000 e999 | 0000 0048 | 8bd3 488d | 4424 084c | 896d c049 | 8bcf c5f8 
  0x000002490753d1c0: 7749 89af | 3804 0000 | 4989 8728 | 0400 0048 | 83ec 2040 | f6c4 0f0f | 8419 0000 | 0048 83ec 
  0x000002490753d1e0: 0848 b830 | 5b43 43ff | 7f00 00ff | d048 83c4 | 08e9 0c00 | 0000 48b8 | 305b 4343 | ff7f 0000 
  0x000002490753d200: ffd0 4883 | c420 49c7 | 8728 0400 | 0000 0000 | 0049 c787 | 3804 0000 | 0000 0000 | 49c7 8730 
  0x000002490753d220: 0400 0000 | 0000 00c5 | f877 4983 | 7f08 000f | 8405 0000 | 00e9 a63f | ffff 4c8b | 6dc0 4c8b 
  0x000002490753d240: 75c8 4e8d | 74f5 00c3 | 488b 5de8 | 488b 4358 | 498d 8f48 | 0400 004c | 8d15 d500 | 0000 4d89 
  0x000002490753d260: 9730 0400 | 00c5 f877 | 4989 af38 | 0400 0049 | 89a7 2804 | 0000 41c7 | 87d4 0400 | 0004 0000 
  0x000002490753d280: 0049 3ba7 | c805 0000 | 7607 4989 | a7c8 0500 | 00ff d049 | 3ba7 c805 | 0000 720b | 49c7 87c8 
  0x000002490753d2a0: 0500 0000 | 0000 00c5 | f877 4883 | ec10 c5fb | 1104 2448 | 83ec 1048 | 8904 2448 | c744 2408 
  0x000002490753d2c0: 0000 0000 | 41c7 87d4 | 0400 0005 | 0000 00f0 | 8344 24c0 | 0049 3b6f | 280f 870e | 0000 0041 
  0x000002490753d2e0: 83bf d004 | 0000 000f | 8420 0000 | 0049 8bcf | 4c8b e448 | 83ec 2048 | 83e4 f048 | b8b0 c144 
  0x000002490753d300: 43ff 7f00 | 00ff d049 | 8be4 4d33 | e441 c787 | d404 0000 | 0800 0000 | 4d8b 97f0 | 0500 0049 
  0x000002490753d320: 83fa 0074 | 3549 c787 | f005 0000 | 0000 0000 | 41ff e249 | ba60 be53 | 0749 0200 | 0041 ffd2 
  0x000002490753d340: 4883 ec10 | c5fb 1104 | 2448 83ec | 1048 8904 | 2448 c744 | 2408 0000 | 0000 49c7 | 8728 0400 
  0x000002490753d360: 0000 0000 | 0049 c787 | 3804 0000 | 0000 0000 | 49c7 8730 | 0400 0000 | 0000 00c5 | f877 4d8b 
  0x000002490753d380: 9fb8 0400 | 0041 c783 | 0001 0000 | 0000 0000 | 49bb 5aa7 | 5307 4902 | 0000 4c3b | 5d18 0f85 
  0x000002490753d3a0: 5b02 0000 | 488b 0424 | 4883 c410 | 4885 c00f | 8435 0200 | 00a8 030f | 8508 0000 | 0048 8b00 
  0x000002490753d3c0: e925 0200 | 00a8 010f | 8509 0000 | 0048 8b40 | fee9 1402 | 0000 488b | 40ff 4180 | 7f48 000f 
  0x000002490753d3e0: 8405 0200 | 0048 83f8 | 000f 84fb | 0100 004d | 8b5f 384d | 85db 0f84 | 1400 0000 | 4983 eb08 
  0x000002490753d400: 4d89 5f38 | 4d03 5f40 | 4989 03e9 | da01 0000 | 4881 ecf0 | 0000 0048 | 8904 2448 | 894c 2408 
  0x000002490753d420: 4889 5424 | 104c 8944 | 2418 4c89 | 4c24 204c | 8954 2428 | 4c89 5c24 | 30c5 fb11 | 4424 40c5 
  0x000002490753d440: fb11 4c24 | 48c5 fb11 | 5424 50c5 | fb11 5c24 | 58c5 fb11 | 6424 60c5 | fb11 6c24 | 6862 e1ff 
  0x000002490753d460: 0811 4424 | 0e62 e1ff | 0811 4c24 | 0f62 e1ff | 0811 5424 | 1062 e1ff | 0811 5c24 | 1162 e1ff 
  0x000002490753d480: 0811 6424 | 1262 e1ff | 0811 6c24 | 1362 e1ff | 0811 7424 | 1462 e1ff | 0811 7c24 | 1562 61ff 
  0x000002490753d4a0: 0811 4424 | 1662 61ff | 0811 4c24 | 1762 61ff | 0811 5424 | 1862 61ff | 0811 5c24 | 1962 61ff 
  0x000002490753d4c0: 0811 6424 | 1a62 61ff | 0811 6c24 | 1b62 61ff | 0811 7424 | 1c62 61ff | 0811 7c24 | 1d49 8bd7 
  0x000002490753d4e0: 488b c848 | 83ec 2040 | f6c4 0f0f | 8419 0000 | 0048 83ec | 0848 b8d0 | 8137 43ff | 7f00 00ff 
  0x000002490753d500: d048 83c4 | 08e9 0c00 | 0000 48b8 | d081 3743 | ff7f 0000 | ffd0 4883 | c420 6261 | ff08 107c 
  0x000002490753d520: 241d 6261 | ff08 1074 | 241c 6261 | ff08 106c | 241b 6261 | ff08 1064 | 241a 6261 | ff08 105c 
  0x000002490753d540: 2419 6261 | ff08 1054 | 2418 6261 | ff08 104c | 2417 6261 | ff08 1044 | 2416 62e1 | ff08 107c 
  0x000002490753d560: 2415 62e1 | ff08 1074 | 2414 62e1 | ff08 106c | 2413 62e1 | ff08 1064 | 2412 62e1 | ff08 105c 
  0x000002490753d580: 2411 62e1 | ff08 1054 | 2410 62e1 | ff08 104c | 240f 62e1 | ff08 1044 | 240e c5fb | 106c 2468 
  0x000002490753d5a0: c5fb 1064 | 2460 c5fb | 105c 2458 | c5fb 1054 | 2450 c5fb | 104c 2448 | c5fb 1044 | 2440 4c8b 
  0x000002490753d5c0: 5c24 304c | 8b54 2428 | 4c8b 4c24 | 204c 8b44 | 2418 488b | 5424 1048 | 8b4c 2408 | 488b 0424 
  0x000002490753d5e0: 4881 c4f0 | 0000 00c5 | f877 4889 | 4510 4883 | ec10 4889 | 0424 48c7 | 4424 0800 | 0000 0041 
  0x000002490753d600: 83bf 5005 | 0000 020f | 85bf 0000 | 0048 81ec | 8000 0000 | 4889 4424 | 7848 894c | 2470 4889 
  0x000002490753d620: 5424 6848 | 895c 2460 | 4889 6c24 | 5048 8974 | 2448 4889 | 7c24 404c | 8944 2438 | 4c89 4c24 
  0x000002490753d640: 304c 8954 | 2428 4c89 | 5c24 204c | 8964 2418 | 4c89 6c24 | 104c 8974 | 2408 4c89 | 3c24 4c8b 
  0x000002490753d660: e448 83ec | 2048 83e4 | f048 b8a0 | 167e 43ff | 7f00 00ff | d049 8be4 | 4c8b 3c24 | 4c8b 7424 
  0x000002490753d680: 084c 8b6c | 2410 4c8b | 6424 184c | 8b5c 2420 | 4c8b 5424 | 284c 8b4c | 2430 4c8b | 4424 3848 
  0x000002490753d6a0: 8b7c 2440 | 488b 7424 | 4848 8b6c | 2450 488b | 5c24 6048 | 8b54 2468 | 488b 4c24 | 7048 8b44 
  0x000002490753d6c0: 2478 4881 | c480 0000 | 004d 33e4 | 488b 5de8 | 4c8b 6b08 | 4d8d 6d38 | 4983 7f08 | 000f 84bb 
  0x000002490753d6e0: 0000 00e8 | 0500 0000 | e996 0000 | 0048 8d44 | 2408 4c89 | 6dc0 498b | cfc5 f877 | 4989 af38 
  0x000002490753d700: 0400 0049 | 8987 2804 | 0000 4883 | ec20 40f6 | c40f 0f84 | 1900 0000 | 4883 ec08 | 48b8 7079 
  0x000002490753d720: 4343 ff7f | 0000 ffd0 | 4883 c408 | e90c 0000 | 0048 b870 | 7943 43ff | 7f00 00ff | d048 83c4 
  0x000002490753d740: 2049 c787 | 2804 0000 | 0000 0000 | 49c7 8738 | 0400 0000 | 0000 0049 | c787 3004 | 0000 0000 
  0x000002490753d760: 0000 c5f8 | 7749 837f | 0800 0f84 | 0500 0000 | e96b 3aff | ff4c 8b6d | c04c 8b75 | c84e 8d74 
  0x000002490753d780: f500 c348 | b970 00b0 | 43ff 7f00 | 0048 83e4 | f048 b870 | 906a 43ff | 7f00 00ff | d0f4 440f 
  0x000002490753d7a0: b75b 2c41 | f6c3 200f | 8472 0100 | 0048 8d55 | a84c 8b5a | 084d 85db | 0f85 bb00 | 0000 e805 
  0x000002490753d7c0: 0000 00e9 | 9600 0000 | 488d 4424 | 084c 896d | c049 8bcf | c5f8 7749 | 89af 3804 | 0000 4989 
  0x000002490753d7e0: 8728 0400 | 0048 83ec | 2040 f6c4 | 0f0f 8419 | 0000 0048 | 83ec 0848 | b8a0 7843 | 43ff 7f00 
  0x000002490753d800: 00ff d048 | 83c4 08e9 | 0c00 0000 | 48b8 a078 | 4343 ff7f | 0000 ffd0 | 4883 c420 | 49c7 8728 
  0x000002490753d820: 0400 0000 | 0000 0049 | c787 3804 | 0000 0000 | 0000 49c7 | 8730 0400 | 0000 0000 | 00c5 f877 
  0x000002490753d840: 4983 7f08 | 000f 8405 | 0000 00e9 | 9039 ffff | 4c8b 6dc0 | 4c8b 75c8 | 4e8d 74f5 | 00c3 48b9 
  0x000002490753d860: 7000 b043 | ff7f 0000 | 4883 e4f0 | 48b8 7090 | 6a43 ff7f | 0000 ffd0 | f44c 896d | c04c 8b4a 
  0x000002490753d880: 0848 c742 | 0800 0000 | 0045 8b87 | d806 0000 | 4f3b 4c07 | f80f 8542 | 0000 0041 | 83af d806 
  0x000002490753d8a0: 0000 084f | 3b4c 07f0 | 0f84 2a00 | 0000 498b | 01a8 020f | 8512 0000 | 004c 8bc0 | 4983 c801 
  0x000002490753d8c0: f04d 0fb1 | 010f 840d | 0000 0041 | 8387 d806 | 0000 08e9 | 0500 0000 | e93e 0000 | 004c 894a 
  0x000002490753d8e0: 0848 8bca | 4883 ec20 | 40f6 c40f | 0f84 1900 | 0000 4883 | ec08 48b8 | f04a 4343 | ff7f 0000 
  0x000002490753d900: ffd0 4883 | c408 e90c | 0000 0048 | b8f0 4a43 | 43ff 7f00 | 00ff d048 | 83c4 204c | 8b6d c041 
  0x000002490753d920: c687 9603 | 0000 0149 | 3b6f 280f | 8705 0000 | 00e9 ab00 | 0000 4883 | ec10 c5fb | 1104 2448 
  0x000002490753d940: 83ec 1048 | 8904 2448 | c744 2408 | 0000 0000 | c5f8 7749 | 89af 3804 | 0000 49ba | 50d9 5307 
  0x000002490753d960: 4902 0000 | 4d89 9730 | 0400 0049 | 89a7 2804 | 0000 498b | cf48 83ec | 2040 f6c4 | 0f0f 8419 
  0x000002490753d980: 0000 0048 | 83ec 0848 | b890 3143 | 43ff 7f00 | 00ff d048 | 83c4 08e9 | 0c00 0000 | 48b8 9031 
  0x000002490753d9a0: 4343 ff7f | 0000 ffd0 | 4883 c420 | 49c7 8728 | 0400 0000 | 0000 0049 | c787 3804 | 0000 0000 
  0x000002490753d9c0: 0000 49c7 | 8730 0400 | 0000 0000 | 00c5 f877 | 488b 0424 | 4883 c410 | c5fb 1004 | 2448 83c4 
  0x000002490753d9e0: 1048 8b04 | 2448 83c4 | 10c5 fb10 | 0424 4883 | c410 4c8b | 5d18 41ff | d34c 8b5d | f8c9 41c6 
  0x000002490753da00: 8796 0300 | 0000 5f49 | 8be3 ffe7 | ba00 0000 | 00e8 0500 | 0000 e996 | 0000 0048 | 8d44 2408 
  0x000002490753da20: 4c89 6dc0 | 498b cfc5 | f877 4989 | af38 0400 | 0049 8987 | 2804 0000 | 4883 ec20 | 40f6 c40f 
  0x000002490753da40: 0f84 1900 | 0000 4883 | ec08 48b8 | e040 4343 | ff7f 0000 | ffd0 4883 | c408 e90c | 0000 0048 
  0x000002490753da60: b8e0 4043 | 43ff 7f00 | 00ff d048 | 83c4 2049 | c787 2804 | 0000 0000 | 0000 49c7 | 8738 0400 
  0x000002490753da80: 0000 0000 | 0049 c787 | 3004 0000 | 0000 0000 | c5f8 7749 | 837f 0800 | 0f84 0500 | 0000 e93d 
  0x000002490753daa0: 37ff ff4c | 8b6d c04c | 8b75 c84e | 8d74 f500 | c348 8b5d | e8e9 6ef5 | ffff 660f | 1f44 0000 
[/MachCode]

---------------  P R O C E S S  ---------------

Threads class SMR info:
_java_thread_list=0x000002492d542a50, length=87, elements={
0x000002496ff8bd10, 0x000002497b536fd0, 0x000002497b539db0, 0x000002497b542200,
0x000002497b53b8b0, 0x000002497b544dd0, 0x000002497b54ada0, 0x000002497b5513d0,
0x000002497b551fe0, 0x000002497b56f040, 0x00000249131e6d00, 0x00000249131e7eb0,
0x00000249139b9b80, 0x0000024914c84fb0, 0x0000024914c85770, 0x0000024915056d70,
0x0000024915051780, 0x0000024914de01b0, 0x0000024914dde270, 0x0000024914ddf210,
0x00000249153287c0, 0x000002491532d5e0, 0x00000249153260b0, 0x0000024915327050,
0x0000024915050fb0, 0x0000024916a575b0, 0x0000024916476360, 0x00000249164753c0,
0x0000024916473c50, 0x0000024917280f90, 0x000002491727c940, 0x0000024917281760,
0x000002491727e0b0, 0x000002491733a620, 0x000002491733adf0, 0x000002491733bd90,
0x0000024918703890, 0x0000024916a54ea0, 0x0000024916a53730, 0x0000024916a55e40,
0x00000249158c9000, 0x0000024918704060, 0x0000024914de3090, 0x0000024914de1150,
0x000002492ca86f40, 0x00000249244073c0, 0x000002492ec22ff0, 0x000002492328be20,
0x00000249237f7850, 0x0000024923a3e560, 0x000002492fe91620, 0x0000024924403540,
0x00000249243feef0, 0x000002492e460840, 0x0000024924407b90, 0x000002492e416b90,
0x000002492e4617e0, 0x0000024924c09220, 0x000002492e776d20, 0x000002492e415420,
0x000002492ec22820, 0x000002492328d590, 0x0000024917c57dc0, 0x00000249237f8fc0,
0x000002492cc66680, 0x000002491399dc00, 0x000002492cda56d0, 0x000002492323c000,
0x000002492323e710, 0x000002492e461010, 0x0000024924c0a1c0, 0x000002492cda5ea0,
0x000002492cd9e970, 0x000002492cda6670, 0x000002492cd9f140, 0x000002492cda6e40,
0x000002492cda7610, 0x000002492328c5f0, 0x000002492cda00e0, 0x0000024917e2a970,
0x0000024917e2a1a0, 0x000002491871a700, 0x000002492d4af8b0, 0x000002491c0f5000,
0x000002491c0f30c0, 0x000002492f392a90, 0x00000249247fd6d0
}

Java Threads: ( => current thread )
  0x000002496ff8bd10 JavaThread "main"                              [_thread_in_Java, id=5340, stack(0x00000077ba890000,0x00000077ba990000) (1024K)]
  0x000002497b536fd0 JavaThread "Reference Handler"          daemon [_thread_blocked, id=6424, stack(0x00000077bb600000,0x00000077bb700000) (1024K)]
  0x000002497b539db0 JavaThread "Finalizer"                  daemon [_thread_blocked, id=1472, stack(0x00000077bb700000,0x00000077bb800000) (1024K)]
  0x000002497b542200 JavaThread "Signal Dispatcher"          daemon [_thread_blocked, id=1828, stack(0x00000077bb800000,0x00000077bb900000) (1024K)]
  0x000002497b53b8b0 JavaThread "Attach Listener"            daemon [_thread_blocked, id=14260, stack(0x00000077bb900000,0x00000077bba00000) (1024K)]
  0x000002497b544dd0 JavaThread "Service Thread"             daemon [_thread_blocked, id=12012, stack(0x00000077bba00000,0x00000077bbb00000) (1024K)]
  0x000002497b54ada0 JavaThread "Monitor Deflation Thread"   daemon [_thread_blocked, id=15532, stack(0x00000077bbb00000,0x00000077bbc00000) (1024K)]
  0x000002497b5513d0 JavaThread "C2 CompilerThread0"         daemon [_thread_blocked, id=16192, stack(0x00000077bbc00000,0x00000077bbd00000) (1024K)]
  0x000002497b551fe0 JavaThread "C1 CompilerThread0"         daemon [_thread_blocked, id=15044, stack(0x00000077bbd00000,0x00000077bbe00000) (1024K)]
  0x000002497b56f040 JavaThread "StringDedupThread"          daemon [_thread_blocked, id=20668, stack(0x00000077bbe00000,0x00000077bbf00000) (1024K)]
  0x00000249131e6d00 JavaThread "Notification Thread"        daemon [_thread_blocked, id=6360, stack(0x00000077bbf00000,0x00000077bc000000) (1024K)]
  0x00000249131e7eb0 JavaThread "Common-Cleaner"             daemon [_thread_blocked, id=3104, stack(0x00000077bc000000,0x00000077bc100000) (1024K)]
  0x00000249139b9b80 JavaThread "Active Thread: Equinox Container: b4b3effb-b591-4cab-a127-79bf597c307b"        [_thread_blocked, id=476, stack(0x00000077bc100000,0x00000077bc200000) (1024K)]
  0x0000024914c84fb0 JavaThread "Framework Event Dispatcher: Equinox Container: b4b3effb-b591-4cab-a127-79bf597c307b" daemon [_thread_blocked, id=4152, stack(0x00000077bc300000,0x00000077bc400000) (1024K)]
  0x0000024914c85770 JavaThread "Start Level: Equinox Container: b4b3effb-b591-4cab-a127-79bf597c307b" daemon [_thread_blocked, id=2472, stack(0x00000077bc400000,0x00000077bc500000) (1024K)]
  0x0000024915056d70 JavaThread "Bundle File Closer"         daemon [_thread_blocked, id=17528, stack(0x00000077bc200000,0x00000077bc300000) (1024K)]
  0x0000024915051780 JavaThread "SCR Component Actor"        daemon [_thread_blocked, id=6856, stack(0x00000077bce00000,0x00000077bcf00000) (1024K)]
  0x0000024914de01b0 JavaThread "EMF Reference Cleaner"      daemon [_thread_blocked, id=19452, stack(0x00000077bd100000,0x00000077bd200000) (1024K)]
  0x0000024914dde270 JavaThread "Worker-JM"                         [_thread_blocked, id=21732, stack(0x00000077bd400000,0x00000077bd500000) (1024K)]
  0x0000024914ddf210 JavaThread "JNA Cleaner"                daemon [_thread_blocked, id=4476, stack(0x00000077bd000000,0x00000077bd100000) (1024K)]
  0x00000249153287c0 JavaThread "Gogo shell"                        [_thread_blocked, id=14392, stack(0x00000077bd600000,0x00000077bd700000) (1024K)]
  0x000002491532d5e0 JavaThread "Java2D Disposer"            daemon [_thread_blocked, id=17324, stack(0x00000077bd200000,0x00000077bd300000) (1024K)]
  0x00000249153260b0 JavaThread "AWT-Windows"                daemon [_thread_in_native, id=15456, stack(0x00000077bdc00000,0x00000077bdd00000) (1024K)]
  0x0000024915327050 JavaThread "Git Repository Closer"      daemon [_thread_blocked, id=14176, stack(0x00000077bcd00000,0x00000077bce00000) (1024K)]
  0x0000024915050fb0 JavaThread "logback-1"                  daemon [_thread_blocked, id=18952, stack(0x00000077bd700000,0x00000077bd800000) (1024K)]
  0x0000024916a575b0 JavaThread "Java indexing"              daemon [_thread_blocked, id=10376, stack(0x00000077bcc00000,0x00000077bcd00000) (1024K)]
  0x0000024916476360 JavaThread "ForkJoinPool.commonPool-delayScheduler" daemon [_thread_blocked, id=13772, stack(0x00000077bda00000,0x00000077bdb00000) (1024K)]
  0x00000249164753c0 JavaThread "tm4e.TokenizerThread"       daemon [_thread_blocked, id=6432, stack(0x00000077bae00000,0x00000077baf00000) (1024K)]
  0x0000024916473c50 JavaThread "Stop Language Server Task Processor"        [_thread_blocked, id=4088, stack(0x00000077bdd00000,0x00000077bde00000) (1024K)]
  0x0000024917280f90 JavaThread "Consume LS error stream"    daemon [_thread_in_native, id=21588, stack(0x00000077bdf00000,0x00000077be000000) (1024K)]
  0x000002491727c940 JavaThread "LS-org.eclipse.languageserver.languages.springboot#listener-0"        [_thread_in_native, id=22348, stack(0x00000077be000000,0x00000077be100000) (1024K)]
  0x0000024917281760 JavaThread "LS-org.eclipse.languageserver.languages.springboot#cleaner"        [_thread_blocked, id=16032, stack(0x00000077bdb00000,0x00000077bdc00000) (1024K)]
  0x000002491727e0b0 JavaThread "EventAdmin Async Event Dispatcher Thread" daemon [_thread_blocked, id=6976, stack(0x00000077be100000,0x00000077be200000) (1024K)]
  0x000002491733a620 JavaThread "org.eclipse.jface.text.codemining.CodeMiningReconciler" daemon [_thread_blocked, id=2408, stack(0x00000077bef00000,0x00000077bf000000) (1024K)]
  0x000002491733adf0 JavaThread "pool-9-thread-1"                   [_thread_blocked, id=18624, stack(0x00000077bf000000,0x00000077bf100000) (1024K)]
  0x000002491733bd90 JavaThread "pool-10-thread-1"                  [_thread_blocked, id=8468, stack(0x00000077bf100000,0x00000077bf200000) (1024K)]
  0x0000024918703890 JavaThread "Thread-8"                          [_thread_blocked, id=8328, stack(0x00000077bf200000,0x00000077bf300000) (1024K)]
  0x0000024916a54ea0 JavaThread "LS-org.eclipse.languageserver.languages.springboot#errorProcessor"        [_thread_blocked, id=9176, stack(0x00000077bf900000,0x00000077bfa00000) (1024K)]
  0x0000024916a53730 JavaThread "LS-org.eclipse.languageserver.languages.springboot#dispatcher"        [_thread_blocked, id=19116, stack(0x00000077bfc00000,0x00000077bfd00000) (1024K)]
  0x0000024916a55e40 JavaThread "org.eclipse.jface.text.reconciler.Reconciler" daemon [_thread_blocked, id=17364, stack(0x00000077bfd00000,0x00000077bfe00000) (1024K)]
  0x00000249158c9000 JavaThread "org.eclipse.lsp4e.outline.LSSymbolsContentProvider$ReconcilerOutlineUpdater" daemon [_thread_blocked, id=8652, stack(0x00000077bfe00000,0x00000077bff00000) (1024K)]
  0x0000024918704060 JavaThread "logback-2"                  daemon [_thread_blocked, id=13596, stack(0x00000077bac00000,0x00000077bad00000) (1024K)]
  0x0000024914de3090 JavaThread "logback-3"                  daemon [_thread_blocked, id=19804, stack(0x00000077bd300000,0x00000077bd400000) (1024K)]
  0x0000024914de1150 JavaThread "logback-4"                  daemon [_thread_blocked, id=15908, stack(0x00000077bde00000,0x00000077bdf00000) (1024K)]
  0x000002492ca86f40 JavaThread "org.eclipse.jdt.internal.ui.text.JavaReconciler" daemon [_thread_blocked, id=13196, stack(0x00000077bed00000,0x00000077bee00000) (1024K)]
  0x00000249244073c0 JavaThread "RMI Scheduler(0)"           daemon [_thread_blocked, id=6184, stack(0x00000077c1900000,0x00000077c1a00000) (1024K)]
  0x000002492ec22ff0 JavaThread "org.eclipse.jdt.internal.ui.text.JavaReconciler" daemon [_thread_blocked, id=12640, stack(0x00000077bea00000,0x00000077beb00000) (1024K)]
  0x000002492328be20 JavaThread "Worker-43"                         [_thread_blocked, id=3824, stack(0x00000077bad00000,0x00000077bae00000) (1024K)]
  0x00000249237f7850 JavaThread "Worker-44: Process Console Input Job"        [_thread_blocked, id=19912, stack(0x00000077be800000,0x00000077be900000) (1024K)]
  0x0000024923a3e560 JavaThread "tm4e.TokenizerThread"       daemon [_thread_blocked, id=14232, stack(0x00000077beb00000,0x00000077bec00000) (1024K)]
  0x000002492fe91620 JavaThread "org.eclipse.jface.text.codemining.CodeMiningReconciler" daemon [_thread_blocked, id=9804, stack(0x00000077bfb00000,0x00000077bfc00000) (1024K)]
  0x0000024924403540 JavaThread "org.eclipse.jface.text.reconciler.Reconciler" daemon [_thread_blocked, id=18696, stack(0x00000077bff00000,0x00000077c0000000) (1024K)]
  0x00000249243feef0 JavaThread "tm4e.TokenizerThread"       daemon [_thread_blocked, id=21120, stack(0x00000077c0d00000,0x00000077c0e00000) (1024K)]
  0x000002492e460840 JavaThread "Stop Language Server Task Processor"        [_thread_blocked, id=6576, stack(0x00000077c1100000,0x00000077c1200000) (1024K)]
  0x0000024924407b90 JavaThread "org.eclipse.jface.text.codemining.CodeMiningReconciler" daemon [_thread_blocked, id=17564, stack(0x00000077c1300000,0x00000077c1400000) (1024K)]
  0x000002492e416b90 JavaThread "org.eclipse.jface.text.reconciler.Reconciler" daemon [_thread_blocked, id=20488, stack(0x00000077c1400000,0x00000077c1500000) (1024K)]
  0x000002492e4617e0 JavaThread "LS-org.eclipse.wildwebdeveloper.xml#listener-0"        [_thread_in_native, id=17968, stack(0x00000077c1500000,0x00000077c1600000) (1024K)]
  0x0000024924c09220 JavaThread "LS-org.eclipse.wildwebdeveloper.xml#cleaner"        [_thread_blocked, id=17712, stack(0x00000077c1600000,0x00000077c1700000) (1024K)]
  0x000002492e776d20 JavaThread "org.eclipse.lsp4e.outline.LSSymbolsContentProvider$ReconcilerOutlineUpdater" daemon [_thread_blocked, id=15964, stack(0x00000077c0000000,0x00000077c0100000) (1024K)]
  0x000002492e415420 JavaThread "LS-org.eclipse.wildwebdeveloper.xml#errorProcessor"        [_thread_blocked, id=8884, stack(0x00000077bf700000,0x00000077bf800000) (1024K)]
  0x000002492ec22820 JavaThread "LS-org.eclipse.wildwebdeveloper.xml#dispatcher"        [_thread_blocked, id=21340, stack(0x00000077c1700000,0x00000077c1800000) (1024K)]
  0x000002492328d590 JavaThread "Worker-49: Process Console Input Job"        [_thread_blocked, id=2876, stack(0x00000077c2600000,0x00000077c2700000) (1024K)]
  0x0000024917c57dc0 JavaThread "org.eclipse.jdt.internal.ui.text.JavaReconciler" daemon [_thread_blocked, id=9904, stack(0x00000077bf500000,0x00000077bf600000) (1024K)]
  0x00000249237f8fc0 JavaThread "Worker-51"                         [_thread_blocked, id=21056, stack(0x00000077be600000,0x00000077be700000) (1024K)]
  0x000002492cc66680 JavaThread "Worker-55: Process Console Input Job"        [_thread_blocked, id=15452, stack(0x00000077c0f00000,0x00000077c1000000) (1024K)]
  0x000002491399dc00 JavaThread "Worker-57"                         [_thread_blocked, id=17536, stack(0x00000077c2f00000,0x00000077c3000000) (1024K)]
  0x000002492cda56d0 JavaThread "RMI GC Daemon"              daemon [_thread_blocked, id=18512, stack(0x00000077c0200000,0x00000077c0300000) (1024K)]
  0x000002492323c000 JavaThread "Process monitor for PID 20652 eureka-server - EurekaServerApplication" daemon [_thread_in_native, id=11472, stack(0x00000077be200000,0x00000077be300000) (1024K)]
  0x000002492323e710 JavaThread "Output Stream Monitor for PID 20652 eureka-server - EurekaServerApplication" daemon [_thread_in_native, id=10164, stack(0x00000077bf400000,0x00000077bf500000) (1024K)]
  0x000002492e461010 JavaThread "Error Stream Monitor for PID 20652 eureka-server - EurekaServerApplication" daemon [_thread_in_native, id=3192, stack(0x00000077bf600000,0x00000077bf700000) (1024K)]
  0x0000024924c0a1c0 JavaThread "Input Stream Monitor for PID 20652 eureka-server - EurekaServerApplication" daemon [_thread_blocked, id=12132, stack(0x00000077bfa00000,0x00000077bfb00000) (1024K)]
  0x000002492cda5ea0 JavaThread "RMI RenewClean-[localhost:58044]" daemon [_thread_blocked, id=4136, stack(0x00000077c0300000,0x00000077c0400000) (1024K)]
  0x000002492cd9e970 JavaThread "JMX client heartbeat 34"    daemon [_thread_blocked, id=2092, stack(0x00000077c0400000,0x00000077c0500000) (1024K)]
  0x000002492cda6670 JavaThread "Process monitor for PID 1888 users-micro - UsersMicroApplication" daemon [_thread_in_native, id=20948, stack(0x00000077c0600000,0x00000077c0700000) (1024K)]
  0x000002492cd9f140 JavaThread "Output Stream Monitor for PID 1888 users-micro - UsersMicroApplication" daemon [_thread_in_native, id=6532, stack(0x00000077c0700000,0x00000077c0800000) (1024K)]
  0x000002492cda6e40 JavaThread "Error Stream Monitor for PID 1888 users-micro - UsersMicroApplication" daemon [_thread_in_native, id=17704, stack(0x00000077c0900000,0x00000077c0a00000) (1024K)]
  0x000002492cda7610 JavaThread "Input Stream Monitor for PID 1888 users-micro - UsersMicroApplication" daemon [_thread_blocked, id=19872, stack(0x00000077c0e00000,0x00000077c0f00000) (1024K)]
  0x000002492328c5f0 JavaThread "RMI RenewClean-[localhost:58053]" daemon [_thread_blocked, id=876, stack(0x00000077c1000000,0x00000077c1100000) (1024K)]
  0x000002492cda00e0 JavaThread "JMX client heartbeat 35"    daemon [_thread_blocked, id=328, stack(0x00000077c1200000,0x00000077c1300000) (1024K)]
  0x0000024917e2a970 JavaThread "Process monitor for PID 21372 course-micro - CourseMicroApplication" daemon [_thread_in_native, id=6232, stack(0x00000077c1800000,0x00000077c1900000) (1024K)]
  0x0000024917e2a1a0 JavaThread "Output Stream Monitor for PID 21372 course-micro - CourseMicroApplication" daemon [_thread_in_native, id=20604, stack(0x00000077c1b00000,0x00000077c1c00000) (1024K)]
  0x000002491871a700 JavaThread "Error Stream Monitor for PID 21372 course-micro - CourseMicroApplication" daemon [_thread_in_native, id=12704, stack(0x00000077c1e00000,0x00000077c1f00000) (1024K)]
  0x000002492d4af8b0 JavaThread "Input Stream Monitor for PID 21372 course-micro - CourseMicroApplication" daemon [_thread_blocked, id=19960, stack(0x00000077c2500000,0x00000077c2600000) (1024K)]
  0x000002491c0f5000 JavaThread "RMI RenewClean-[localhost:58071]" daemon [_thread_blocked, id=18672, stack(0x00000077c2700000,0x00000077c2800000) (1024K)]
  0x000002491c0f30c0 JavaThread "JMX client heartbeat 36"    daemon [_thread_blocked, id=17228, stack(0x00000077c2800000,0x00000077c2900000) (1024K)]
  0x000002492f392a90 JavaThread "AWT-Shutdown"                      [_thread_blocked, id=20356, stack(0x00000077be400000,0x00000077be500000) (1024K)]
=>0x00000249247fd6d0 JavaThread "AWT-EventQueue-0"                  [_thread_in_native, id=18296, stack(0x00000077be500000,0x00000077be600000) (1024K)]
Total: 87

Other Threads:
  0x000002497b523eb0 VMThread "VM Thread"                           [id=15384, stack(0x00000077bb500000,0x00000077bb600000) (1024K)]
  0x000002497b5133c0 WatcherThread "VM Periodic Task Thread"        [id=13468, stack(0x00000077bb400000,0x00000077bb500000) (1024K)]
  0x000002497258ede0 WorkerThread "GC Thread#0"                     [id=17344, stack(0x00000077baf00000,0x00000077bb000000) (1024K)]
  0x000002491336f490 WorkerThread "GC Thread#1"                     [id=12936, stack(0x00000077bc500000,0x00000077bc600000) (1024K)]
  0x0000024914d5b2b0 WorkerThread "GC Thread#2"                     [id=2916, stack(0x00000077bc600000,0x00000077bc700000) (1024K)]
  0x000002491336d990 WorkerThread "GC Thread#3"                     [id=8160, stack(0x00000077bc700000,0x00000077bc800000) (1024K)]
  0x0000024914bcb8c0 WorkerThread "GC Thread#4"                     [id=2364, stack(0x00000077bc800000,0x00000077bc900000) (1024K)]
  0x0000024914bcbd10 WorkerThread "GC Thread#5"                     [id=2008, stack(0x00000077bc900000,0x00000077bca00000) (1024K)]
  0x0000024914bcc160 WorkerThread "GC Thread#6"                     [id=2448, stack(0x00000077bca00000,0x00000077bcb00000) (1024K)]
  0x0000024914bcc5b0 WorkerThread "GC Thread#7"                     [id=1264, stack(0x00000077bcb00000,0x00000077bcc00000) (1024K)]
  0x00000249725c4810 ConcurrentGCThread "G1 Main Marker"            [id=18948, stack(0x00000077bb000000,0x00000077bb100000) (1024K)]
  0x00000249725c5380 WorkerThread "G1 Conc#0"                       [id=10260, stack(0x00000077bb100000,0x00000077bb200000) (1024K)]
  0x00000249160e23c0 WorkerThread "G1 Conc#1"                       [id=6844, stack(0x00000077bd500000,0x00000077bd600000) (1024K)]
  0x000002497b3e1090 ConcurrentGCThread "G1 Refine#0"               [id=16408, stack(0x00000077bb200000,0x00000077bb300000) (1024K)]
  0x000002497b3e5570 ConcurrentGCThread "G1 Service"                [id=8164, stack(0x00000077bb300000,0x00000077bb400000) (1024K)]
Total: 15

Threads with active compile tasks:
Total: 0

VM state: not at safepoint (normal execution)

VM Mutex/Monitor currently owned by a thread: None

Heap address: 0x0000000084200000, size: 1982 MB, Compressed Oops mode: 32-bit

CDS archive(s) mapped at: [0x0000000036000000-0x0000000036dc0000-0x0000000036dc0000), size 14417920, SharedBaseAddress: 0x0000000036000000, ArchiveRelocationMode: 1.
Compressed class space mapped at: 0x0000000037000000-0x0000000077000000, reserved size: 1073741824
UseCompressedClassPointers 1, UseCompactObjectHeaders 0
Narrow klass pointer bits 32, Max shift 3
Narrow klass base: 0x0000000036000000, Narrow klass shift: 0
Encoding Range: [0x0000000036000000 - 0x0000000136000000), (4294967296 bytes)
Klass Range:    [0x0000000036010000 - 0x0000000077000000), (1090453504 bytes)
Klass ID Range:  [65536 - 1090519033) (1090453497)
Protection zone: [0x0000000036000000 - 0x0000000036010000), (65536 bytes)

GC Precious Log:
 CardTable entry size: 512
 Card Set container configuration: InlinePtr #cards 5 size 8 Array Of Cards #cards 10 size 36 Howl #buckets 4 coarsen threshold 1843 Howl Bitmap #cards 512 size 80 coarsen threshold 460 Card regions per heap region 1 cards per card region 2048
 CPUs: 8 total, 8 available
 Memory: 7926M
 Large Page Support: Disabled
 NUMA Support: Disabled
 Compressed Oops: Enabled (32-bit)
 Heap Region Size: 1M
 Heap Min Capacity: 8M
 Heap Initial Capacity: 124M
 Heap Max Capacity: 1982M
 Pre-touch: Disabled
 Parallel Workers: 8
 Concurrent Workers: 2
 Concurrent Refinement Workers: 8
 Periodic GC: Disabled
 String Deduplication is enabled

Heap:
 garbage-first heap   total reserved 2029568K, committed 679936K, used 334762K [0x0000000084200000, 0x0000000100000000)
  region size 1024K, 144 young (147456K), 12 survivors (12288K)

Heap Regions: E=young(eden), S=young(survivor), O=old, HS=humongous(starts), HC=humongous(continues), CS=collection set, F=free, TAMS=top-at-mark-start, PB=parsable bottom
|   0|0x0000000084200000, 0x0000000084300000, 0x0000000084300000|100%| O|  |TAMS 0x0000000084200000| PB 0x0000000084200000| Untracked |  0
|   1|0x0000000084300000, 0x0000000084400000, 0x0000000084400000|100%| O|  |TAMS 0x0000000084300000| PB 0x0000000084300000| Untracked |  0
|   2|0x0000000084400000, 0x0000000084500000, 0x0000000084500000|100%| O|  |TAMS 0x0000000084400000| PB 0x0000000084400000| Untracked |  0
|   3|0x0000000084500000, 0x0000000084600000, 0x0000000084600000|100%| O|  |TAMS 0x0000000084500000| PB 0x0000000084500000| Untracked |  0
|   4|0x0000000084600000, 0x0000000084700000, 0x0000000084700000|100%| O|Cm|TAMS 0x0000000084600000| PB 0x0000000084600000| Complete |  0
|   5|0x0000000084700000, 0x0000000084800000, 0x0000000084800000|100%| O|  |TAMS 0x0000000084700000| PB 0x0000000084700000| Untracked |  0
|   6|0x0000000084800000, 0x0000000084900000, 0x0000000084900000|100%| O|  |TAMS 0x0000000084800000| PB 0x0000000084800000| Untracked |  0
|   7|0x0000000084900000, 0x0000000084a00000, 0x0000000084a00000|100%| O|  |TAMS 0x0000000084900000| PB 0x0000000084900000| Untracked |  0
|   8|0x0000000084a00000, 0x0000000084b00000, 0x0000000084b00000|100%| O|  |TAMS 0x0000000084a00000| PB 0x0000000084a00000| Untracked |  0
|   9|0x0000000084b00000, 0x0000000084c00000, 0x0000000084c00000|100%| O|  |TAMS 0x0000000084b00000| PB 0x0000000084b00000| Untracked |  0
|  10|0x0000000084c00000, 0x0000000084d00000, 0x0000000084d00000|100%| O|  |TAMS 0x0000000084c00000| PB 0x0000000084c00000| Untracked |  0
|  11|0x0000000084d00000, 0x0000000084e00000, 0x0000000084e00000|100%| O|  |TAMS 0x0000000084d00000| PB 0x0000000084d00000| Untracked |  0
|  12|0x0000000084e00000, 0x0000000084f00000, 0x0000000084f00000|100%| O|  |TAMS 0x0000000084e00000| PB 0x0000000084e00000| Untracked |  0
|  13|0x0000000084f00000, 0x0000000085000000, 0x0000000085000000|100%| O|  |TAMS 0x0000000084f00000| PB 0x0000000084f00000| Untracked |  0
|  14|0x0000000085000000, 0x0000000085100000, 0x0000000085100000|100%| O|  |TAMS 0x0000000085000000| PB 0x0000000085000000| Untracked |  0
|  15|0x0000000085100000, 0x0000000085200000, 0x0000000085200000|100%| O|  |TAMS 0x0000000085100000| PB 0x0000000085100000| Untracked |  0
|  16|0x0000000085200000, 0x0000000085300000, 0x0000000085300000|100%| O|  |TAMS 0x0000000085200000| PB 0x0000000085200000| Untracked |  0
|  17|0x0000000085300000, 0x0000000085400000, 0x0000000085400000|100%| O|  |TAMS 0x0000000085300000| PB 0x0000000085300000| Untracked |  0
|  18|0x0000000085400000, 0x0000000085500000, 0x0000000085500000|100%| O|  |TAMS 0x0000000085400000| PB 0x0000000085400000| Untracked |  0
|  19|0x0000000085500000, 0x0000000085600000, 0x0000000085600000|100%| O|  |TAMS 0x0000000085500000| PB 0x0000000085500000| Untracked |  0
|  20|0x0000000085600000, 0x0000000085700000, 0x0000000085700000|100%| O|  |TAMS 0x0000000085600000| PB 0x0000000085600000| Untracked |  0
|  21|0x0000000085700000, 0x0000000085800000, 0x0000000085800000|100%| O|  |TAMS 0x0000000085700000| PB 0x0000000085700000| Untracked |  0
|  22|0x0000000085800000, 0x0000000085900000, 0x0000000085900000|100%| O|  |TAMS 0x0000000085800000| PB 0x0000000085800000| Untracked |  0
|  23|0x0000000085900000, 0x0000000085a00000, 0x0000000085a00000|100%| O|  |TAMS 0x0000000085900000| PB 0x0000000085900000| Untracked |  0
|  24|0x0000000085a00000, 0x0000000085b00000, 0x0000000085b00000|100%| O|  |TAMS 0x0000000085a00000| PB 0x0000000085a00000| Untracked |  0
|  25|0x0000000085b00000, 0x0000000085c00000, 0x0000000085c00000|100%| O|  |TAMS 0x0000000085b00000| PB 0x0000000085b00000| Untracked |  0
|  26|0x0000000085c00000, 0x0000000085d00000, 0x0000000085d00000|100%| O|  |TAMS 0x0000000085c00000| PB 0x0000000085c00000| Untracked |  0
|  27|0x0000000085d00000, 0x0000000085e00000, 0x0000000085e00000|100%| O|  |TAMS 0x0000000085d00000| PB 0x0000000085d00000| Untracked |  0
|  28|0x0000000085e00000, 0x0000000085f00000, 0x0000000085f00000|100%| O|  |TAMS 0x0000000085e00000| PB 0x0000000085e00000| Untracked |  0
|  29|0x0000000085f00000, 0x0000000086000000, 0x0000000086000000|100%| O|  |TAMS 0x0000000085f00000| PB 0x0000000085f00000| Untracked |  0
|  30|0x0000000086000000, 0x0000000086100000, 0x0000000086100000|100%| O|  |TAMS 0x0000000086000000| PB 0x0000000086000000| Untracked |  0
|  31|0x0000000086100000, 0x0000000086200000, 0x0000000086200000|100%| O|Cm|TAMS 0x0000000086100000| PB 0x0000000086100000| Complete |  0
|  32|0x0000000086200000, 0x0000000086300000, 0x0000000086300000|100%| O|  |TAMS 0x0000000086200000| PB 0x0000000086200000| Untracked |  0
|  33|0x0000000086300000, 0x0000000086400000, 0x0000000086400000|100%| O|  |TAMS 0x0000000086300000| PB 0x0000000086300000| Untracked |  0
|  34|0x0000000086400000, 0x0000000086500000, 0x0000000086500000|100%| O|  |TAMS 0x0000000086400000| PB 0x0000000086400000| Untracked |  0
|  35|0x0000000086500000, 0x0000000086600000, 0x0000000086600000|100%| O|  |TAMS 0x0000000086500000| PB 0x0000000086500000| Untracked |  0
|  36|0x0000000086600000, 0x0000000086700000, 0x0000000086700000|100%| O|  |TAMS 0x0000000086600000| PB 0x0000000086600000| Untracked |  0
|  37|0x0000000086700000, 0x0000000086800000, 0x0000000086800000|100%|HS|  |TAMS 0x0000000086700000| PB 0x0000000086700000| Complete |  0
|  38|0x0000000086800000, 0x0000000086900000, 0x0000000086900000|100%|HS|  |TAMS 0x0000000086800000| PB 0x0000000086800000| Complete |  0
|  39|0x0000000086900000, 0x0000000086a00000, 0x0000000086a00000|100%| O|  |TAMS 0x0000000086900000| PB 0x0000000086900000| Untracked |  0
|  40|0x0000000086a00000, 0x0000000086b00000, 0x0000000086b00000|100%| O|  |TAMS 0x0000000086a00000| PB 0x0000000086a00000| Untracked |  0
|  41|0x0000000086b00000, 0x0000000086c00000, 0x0000000086c00000|100%| O|  |TAMS 0x0000000086b00000| PB 0x0000000086b00000| Untracked |  0
|  42|0x0000000086c00000, 0x0000000086d00000, 0x0000000086d00000|100%| O|  |TAMS 0x0000000086c00000| PB 0x0000000086c00000| Untracked |  0
|  43|0x0000000086d00000, 0x0000000086e00000, 0x0000000086e00000|100%| O|  |TAMS 0x0000000086d00000| PB 0x0000000086d00000| Untracked |  0
|  44|0x0000000086e00000, 0x0000000086f00000, 0x0000000086f00000|100%| O|  |TAMS 0x0000000086e00000| PB 0x0000000086e00000| Untracked |  0
|  45|0x0000000086f00000, 0x0000000087000000, 0x0000000087000000|100%| O|  |TAMS 0x0000000086f00000| PB 0x0000000086f00000| Untracked |  0
|  46|0x0000000087000000, 0x0000000087100000, 0x0000000087100000|100%| O|  |TAMS 0x0000000087000000| PB 0x0000000087000000| Untracked |  0
|  47|0x0000000087100000, 0x0000000087200000, 0x0000000087200000|100%| O|  |TAMS 0x0000000087100000| PB 0x0000000087100000| Untracked |  0
|  48|0x0000000087200000, 0x0000000087300000, 0x0000000087300000|100%| O|  |TAMS 0x0000000087200000| PB 0x0000000087200000| Untracked |  0
|  49|0x0000000087300000, 0x0000000087400000, 0x0000000087400000|100%| O|  |TAMS 0x0000000087300000| PB 0x0000000087300000| Untracked |  0
|  50|0x0000000087400000, 0x0000000087500000, 0x0000000087500000|100%| O|  |TAMS 0x0000000087400000| PB 0x0000000087400000| Untracked |  0
|  51|0x0000000087500000, 0x0000000087600000, 0x0000000087600000|100%| O|  |TAMS 0x0000000087500000| PB 0x0000000087500000| Untracked |  0
|  52|0x0000000087600000, 0x0000000087700000, 0x0000000087700000|100%| O|  |TAMS 0x0000000087600000| PB 0x0000000087600000| Untracked |  0
|  53|0x0000000087700000, 0x0000000087800000, 0x0000000087800000|100%| O|  |TAMS 0x0000000087700000| PB 0x0000000087700000| Untracked |  0
|  54|0x0000000087800000, 0x0000000087900000, 0x0000000087900000|100%| O|  |TAMS 0x0000000087800000| PB 0x0000000087800000| Untracked |  0
|  55|0x0000000087900000, 0x0000000087a00000, 0x0000000087a00000|100%| O|  |TAMS 0x0000000087900000| PB 0x0000000087900000| Untracked |  0
|  56|0x0000000087a00000, 0x0000000087b00000, 0x0000000087b00000|100%| O|  |TAMS 0x0000000087a00000| PB 0x0000000087a00000| Untracked |  0
|  57|0x0000000087b00000, 0x0000000087c00000, 0x0000000087c00000|100%| O|  |TAMS 0x0000000087b00000| PB 0x0000000087b00000| Untracked |  0
|  58|0x0000000087c00000, 0x0000000087d00000, 0x0000000087d00000|100%| O|  |TAMS 0x0000000087c00000| PB 0x0000000087c00000| Untracked |  0
|  59|0x0000000087d00000, 0x0000000087e00000, 0x0000000087e00000|100%| O|  |TAMS 0x0000000087d00000| PB 0x0000000087d00000| Untracked |  0
|  60|0x0000000087e00000, 0x0000000087f00000, 0x0000000087f00000|100%| O|  |TAMS 0x0000000087e00000| PB 0x0000000087e00000| Untracked |  0
|  61|0x0000000087f00000, 0x0000000088000000, 0x0000000088000000|100%| O|  |TAMS 0x0000000087f00000| PB 0x0000000087f00000| Untracked |  0
|  62|0x0000000088000000, 0x0000000088100000, 0x0000000088100000|100%| O|  |TAMS 0x0000000088000000| PB 0x0000000088000000| Untracked |  0
|  63|0x0000000088100000, 0x0000000088200000, 0x0000000088200000|100%| O|  |TAMS 0x0000000088100000| PB 0x0000000088100000| Untracked |  0
|  64|0x0000000088200000, 0x0000000088200000, 0x0000000088300000|  0%| F|  |TAMS 0x0000000088200000| PB 0x0000000088200000| Untracked |  0
|  65|0x0000000088300000, 0x0000000088400000, 0x0000000088400000|100%| O|  |TAMS 0x0000000088300000| PB 0x0000000088300000| Untracked |  0
|  66|0x0000000088400000, 0x0000000088500000, 0x0000000088500000|100%| O|  |TAMS 0x0000000088400000| PB 0x0000000088400000| Untracked |  0
|  67|0x0000000088500000, 0x0000000088600000, 0x0000000088600000|100%| O|  |TAMS 0x0000000088500000| PB 0x0000000088500000| Untracked |  0
|  68|0x0000000088600000, 0x0000000088700000, 0x0000000088700000|100%| O|  |TAMS 0x0000000088600000| PB 0x0000000088600000| Untracked |  0
|  69|0x0000000088700000, 0x0000000088800000, 0x0000000088800000|100%| O|  |TAMS 0x0000000088700000| PB 0x0000000088700000| Untracked |  0
|  70|0x0000000088800000, 0x0000000088900000, 0x0000000088900000|100%| O|  |TAMS 0x0000000088800000| PB 0x0000000088800000| Untracked |  0
|  71|0x0000000088900000, 0x0000000088a00000, 0x0000000088a00000|100%| O|  |TAMS 0x0000000088900000| PB 0x0000000088900000| Untracked |  0
|  72|0x0000000088a00000, 0x0000000088b00000, 0x0000000088b00000|100%| O|  |TAMS 0x0000000088a00000| PB 0x0000000088a00000| Untracked |  0
|  73|0x0000000088b00000, 0x0000000088c00000, 0x0000000088c00000|100%| O|  |TAMS 0x0000000088b00000| PB 0x0000000088b00000| Untracked |  0
|  74|0x0000000088c00000, 0x0000000088d00000, 0x0000000088d00000|100%| O|  |TAMS 0x0000000088c00000| PB 0x0000000088c00000| Untracked |  0
|  75|0x0000000088d00000, 0x0000000088e00000, 0x0000000088e00000|100%| O|  |TAMS 0x0000000088d00000| PB 0x0000000088d00000| Untracked |  0
|  76|0x0000000088e00000, 0x0000000088f00000, 0x0000000088f00000|100%| O|  |TAMS 0x0000000088e00000| PB 0x0000000088e00000| Untracked |  0
|  77|0x0000000088f00000, 0x0000000089000000, 0x0000000089000000|100%| O|  |TAMS 0x0000000088f00000| PB 0x0000000088f00000| Untracked |  0
|  78|0x0000000089000000, 0x0000000089100000, 0x0000000089100000|100%| O|  |TAMS 0x0000000089000000| PB 0x0000000089000000| Untracked |  0
|  79|0x0000000089100000, 0x0000000089200000, 0x0000000089200000|100%| O|  |TAMS 0x0000000089100000| PB 0x0000000089100000| Untracked |  0
|  80|0x0000000089200000, 0x0000000089300000, 0x0000000089300000|100%| O|Cm|TAMS 0x0000000089200000| PB 0x0000000089200000| Complete |  0
|  81|0x0000000089300000, 0x0000000089400000, 0x0000000089400000|100%| O|Cm|TAMS 0x0000000089300000| PB 0x0000000089300000| Complete |  0
|  82|0x0000000089400000, 0x0000000089500000, 0x0000000089500000|100%| O|  |TAMS 0x0000000089400000| PB 0x0000000089400000| Untracked |  0
|  83|0x0000000089500000, 0x0000000089600000, 0x0000000089600000|100%| O|  |TAMS 0x0000000089500000| PB 0x0000000089500000| Untracked |  0
|  84|0x0000000089600000, 0x0000000089700000, 0x0000000089700000|100%| O|  |TAMS 0x0000000089600000| PB 0x0000000089600000| Untracked |  0
|  85|0x0000000089700000, 0x0000000089800000, 0x0000000089800000|100%| O|  |TAMS 0x0000000089700000| PB 0x0000000089700000| Untracked |  0
|  86|0x0000000089800000, 0x0000000089900000, 0x0000000089900000|100%| O|Cm|TAMS 0x0000000089800000| PB 0x0000000089800000| Complete |  0
|  87|0x0000000089900000, 0x0000000089a00000, 0x0000000089a00000|100%| O|  |TAMS 0x0000000089900000| PB 0x0000000089900000| Untracked |  0
|  88|0x0000000089a00000, 0x0000000089b00000, 0x0000000089b00000|100%| O|  |TAMS 0x0000000089a00000| PB 0x0000000089a00000| Untracked |  0
|  89|0x0000000089b00000, 0x0000000089c00000, 0x0000000089c00000|100%| O|  |TAMS 0x0000000089b00000| PB 0x0000000089b00000| Untracked |  0
|  90|0x0000000089c00000, 0x0000000089d00000, 0x0000000089d00000|100%| O|Cm|TAMS 0x0000000089c00000| PB 0x0000000089c00000| Complete |  0
|  91|0x0000000089d00000, 0x0000000089e00000, 0x0000000089e00000|100%| O|  |TAMS 0x0000000089d00000| PB 0x0000000089d00000| Untracked |  0
|  92|0x0000000089e00000, 0x0000000089f00000, 0x0000000089f00000|100%| O|  |TAMS 0x0000000089e00000| PB 0x0000000089e00000| Untracked |  0
|  93|0x0000000089f00000, 0x000000008a000000, 0x000000008a000000|100%| O|  |TAMS 0x0000000089f00000| PB 0x0000000089f00000| Untracked |  0
|  94|0x000000008a000000, 0x000000008a100000, 0x000000008a100000|100%| O|  |TAMS 0x000000008a000000| PB 0x000000008a000000| Untracked |  0
|  95|0x000000008a100000, 0x000000008a200000, 0x000000008a200000|100%| O|  |TAMS 0x000000008a100000| PB 0x000000008a100000| Untracked |  0
|  96|0x000000008a200000, 0x000000008a300000, 0x000000008a300000|100%|HS|  |TAMS 0x000000008a200000| PB 0x000000008a200000| Complete |  0
|  97|0x000000008a300000, 0x000000008a400000, 0x000000008a400000|100%| O|  |TAMS 0x000000008a300000| PB 0x000000008a300000| Untracked |  0
|  98|0x000000008a400000, 0x000000008a500000, 0x000000008a500000|100%| O|  |TAMS 0x000000008a400000| PB 0x000000008a400000| Untracked |  0
|  99|0x000000008a500000, 0x000000008a600000, 0x000000008a600000|100%| O|  |TAMS 0x000000008a500000| PB 0x000000008a500000| Untracked |  0
| 100|0x000000008a600000, 0x000000008a700000, 0x000000008a700000|100%| O|  |TAMS 0x000000008a600000| PB 0x000000008a600000| Untracked |  0
| 101|0x000000008a700000, 0x000000008a800000, 0x000000008a800000|100%| O|Cm|TAMS 0x000000008a700000| PB 0x000000008a700000| Complete |  0
| 102|0x000000008a800000, 0x000000008a900000, 0x000000008a900000|100%| O|  |TAMS 0x000000008a800000| PB 0x000000008a800000| Untracked |  0
| 103|0x000000008a900000, 0x000000008aa00000, 0x000000008aa00000|100%| O|  |TAMS 0x000000008a900000| PB 0x000000008a900000| Untracked |  0
| 104|0x000000008aa00000, 0x000000008ab00000, 0x000000008ab00000|100%| O|  |TAMS 0x000000008aa00000| PB 0x000000008aa00000| Untracked |  0
| 105|0x000000008ab00000, 0x000000008ab00000, 0x000000008ac00000|  0%| F|  |TAMS 0x000000008ab00000| PB 0x000000008ab00000| Untracked |  0
| 106|0x000000008ac00000, 0x000000008ad00000, 0x000000008ad00000|100%| O|  |TAMS 0x000000008ac00000| PB 0x000000008ac00000| Untracked |  0
| 107|0x000000008ad00000, 0x000000008ad00000, 0x000000008ae00000|  0%| F|  |TAMS 0x000000008ad00000| PB 0x000000008ad00000| Untracked |  0
| 108|0x000000008ae00000, 0x000000008af00000, 0x000000008af00000|100%| O|  |TAMS 0x000000008ae00000| PB 0x000000008ae00000| Untracked |  0
| 109|0x000000008af00000, 0x000000008b000000, 0x000000008b000000|100%| O|  |TAMS 0x000000008af00000| PB 0x000000008af00000| Untracked |  0
| 110|0x000000008b000000, 0x000000008b100000, 0x000000008b100000|100%| O|  |TAMS 0x000000008b000000| PB 0x000000008b000000| Untracked |  0
| 111|0x000000008b100000, 0x000000008b200000, 0x000000008b200000|100%| O|  |TAMS 0x000000008b100000| PB 0x000000008b100000| Untracked |  0
| 112|0x000000008b200000, 0x000000008b200000, 0x000000008b300000|  0%| F|  |TAMS 0x000000008b200000| PB 0x000000008b200000| Untracked |  0
| 113|0x000000008b300000, 0x000000008b300000, 0x000000008b400000|  0%| F|  |TAMS 0x000000008b300000| PB 0x000000008b300000| Untracked |  0
| 114|0x000000008b400000, 0x000000008b500000, 0x000000008b500000|100%| O|  |TAMS 0x000000008b400000| PB 0x000000008b400000| Untracked |  0
| 115|0x000000008b500000, 0x000000008b600000, 0x000000008b600000|100%| O|  |TAMS 0x000000008b500000| PB 0x000000008b500000| Untracked |  0
| 116|0x000000008b600000, 0x000000008b600000, 0x000000008b700000|  0%| F|  |TAMS 0x000000008b600000| PB 0x000000008b600000| Untracked |  0
| 117|0x000000008b700000, 0x000000008b800000, 0x000000008b800000|100%| O|  |TAMS 0x000000008b700000| PB 0x000000008b700000| Untracked |  0
| 118|0x000000008b800000, 0x000000008b800000, 0x000000008b900000|  0%| F|  |TAMS 0x000000008b800000| PB 0x000000008b800000| Untracked |  0
| 119|0x000000008b900000, 0x000000008ba00000, 0x000000008ba00000|100%| O|  |TAMS 0x000000008b900000| PB 0x000000008b900000| Untracked |  0
| 120|0x000000008ba00000, 0x000000008bb00000, 0x000000008bb00000|100%| O|  |TAMS 0x000000008ba00000| PB 0x000000008ba00000| Untracked |  0
| 121|0x000000008bb00000, 0x000000008bc00000, 0x000000008bc00000|100%| O|  |TAMS 0x000000008bb00000| PB 0x000000008bb00000| Untracked |  0
| 122|0x000000008bc00000, 0x000000008bc00000, 0x000000008bd00000|  0%| F|  |TAMS 0x000000008bc00000| PB 0x000000008bc00000| Untracked |  0
| 123|0x000000008bd00000, 0x000000008bd00000, 0x000000008be00000|  0%| F|  |TAMS 0x000000008bd00000| PB 0x000000008bd00000| Untracked |  0
| 124|0x000000008be00000, 0x000000008be00000, 0x000000008bf00000|  0%| F|  |TAMS 0x000000008be00000| PB 0x000000008be00000| Untracked |  0
| 125|0x000000008bf00000, 0x000000008bf00000, 0x000000008c000000|  0%| F|  |TAMS 0x000000008bf00000| PB 0x000000008bf00000| Untracked |  0
| 126|0x000000008c000000, 0x000000008c100000, 0x000000008c100000|100%| O|  |TAMS 0x000000008c000000| PB 0x000000008c000000| Untracked |  0
| 127|0x000000008c100000, 0x000000008c100000, 0x000000008c200000|  0%| F|  |TAMS 0x000000008c100000| PB 0x000000008c100000| Untracked |  0
| 128|0x000000008c200000, 0x000000008c300000, 0x000000008c300000|100%| O|  |TAMS 0x000000008c200000| PB 0x000000008c200000| Untracked |  0
| 129|0x000000008c300000, 0x000000008c300000, 0x000000008c400000|  0%| F|  |TAMS 0x000000008c300000| PB 0x000000008c300000| Untracked |  0
| 130|0x000000008c400000, 0x000000008c400000, 0x000000008c500000|  0%| F|  |TAMS 0x000000008c400000| PB 0x000000008c400000| Untracked |  0
| 131|0x000000008c500000, 0x000000008c600000, 0x000000008c600000|100%| O|  |TAMS 0x000000008c500000| PB 0x000000008c500000| Untracked |  0
| 132|0x000000008c600000, 0x000000008c700000, 0x000000008c700000|100%| O|  |TAMS 0x000000008c600000| PB 0x000000008c600000| Untracked |  0
| 133|0x000000008c700000, 0x000000008c800000, 0x000000008c800000|100%| O|  |TAMS 0x000000008c700000| PB 0x000000008c700000| Untracked |  0
| 134|0x000000008c800000, 0x000000008c900000, 0x000000008c900000|100%| O|  |TAMS 0x000000008c800000| PB 0x000000008c800000| Untracked |  0
| 135|0x000000008c900000, 0x000000008ca00000, 0x000000008ca00000|100%| O|  |TAMS 0x000000008c900000| PB 0x000000008c900000| Untracked |  0
| 136|0x000000008ca00000, 0x000000008cb00000, 0x000000008cb00000|100%| O|  |TAMS 0x000000008ca00000| PB 0x000000008ca00000| Untracked |  0
| 137|0x000000008cb00000, 0x000000008cc00000, 0x000000008cc00000|100%| O|Cm|TAMS 0x000000008cb00000| PB 0x000000008cb00000| Complete |  0
| 138|0x000000008cc00000, 0x000000008cd00000, 0x000000008cd00000|100%| O|  |TAMS 0x000000008cc00000| PB 0x000000008cc00000| Untracked |  0
| 139|0x000000008cd00000, 0x000000008ce00000, 0x000000008ce00000|100%| O|  |TAMS 0x000000008cd00000| PB 0x000000008cd00000| Untracked |  0
| 140|0x000000008ce00000, 0x000000008cf00000, 0x000000008cf00000|100%| O|  |TAMS 0x000000008ce00000| PB 0x000000008ce00000| Untracked |  0
| 141|0x000000008cf00000, 0x000000008d000000, 0x000000008d000000|100%| O|  |TAMS 0x000000008cf00000| PB 0x000000008cf00000| Untracked |  0
| 142|0x000000008d000000, 0x000000008d100000, 0x000000008d100000|100%| O|  |TAMS 0x000000008d000000| PB 0x000000008d000000| Untracked |  0
| 143|0x000000008d100000, 0x000000008d100000, 0x000000008d200000|  0%| F|  |TAMS 0x000000008d100000| PB 0x000000008d100000| Untracked |  0
| 144|0x000000008d200000, 0x000000008d200000, 0x000000008d300000|  0%| F|  |TAMS 0x000000008d200000| PB 0x000000008d200000| Untracked |  0
| 145|0x000000008d300000, 0x000000008d300000, 0x000000008d400000|  0%| F|  |TAMS 0x000000008d300000| PB 0x000000008d300000| Untracked |  0
| 146|0x000000008d400000, 0x000000008d400000, 0x000000008d500000|  0%| F|  |TAMS 0x000000008d400000| PB 0x000000008d400000| Untracked |  0
| 147|0x000000008d500000, 0x000000008d600000, 0x000000008d600000|100%|HS|  |TAMS 0x000000008d500000| PB 0x000000008d500000| Complete |  0
| 148|0x000000008d600000, 0x000000008d700000, 0x000000008d700000|100%| O|  |TAMS 0x000000008d600000| PB 0x000000008d600000| Untracked |  0
| 149|0x000000008d700000, 0x000000008d700000, 0x000000008d800000|  0%| F|  |TAMS 0x000000008d700000| PB 0x000000008d700000| Untracked |  0
| 150|0x000000008d800000, 0x000000008d900000, 0x000000008d900000|100%| O|  |TAMS 0x000000008d800000| PB 0x000000008d800000| Untracked |  0
| 151|0x000000008d900000, 0x000000008da00000, 0x000000008da00000|100%| O|  |TAMS 0x000000008d900000| PB 0x000000008d900000| Untracked |  0
| 152|0x000000008da00000, 0x000000008da00000, 0x000000008db00000|  0%| F|  |TAMS 0x000000008da00000| PB 0x000000008da00000| Untracked |  0
| 153|0x000000008db00000, 0x000000008dc00000, 0x000000008dc00000|100%| O|  |TAMS 0x000000008db00000| PB 0x000000008db00000| Untracked |  0
| 154|0x000000008dc00000, 0x000000008dd00000, 0x000000008dd00000|100%| O|  |TAMS 0x000000008dc00000| PB 0x000000008dc00000| Untracked |  0
| 155|0x000000008dd00000, 0x000000008de00000, 0x000000008de00000|100%| O|  |TAMS 0x000000008dd00000| PB 0x000000008dd00000| Untracked |  0
| 156|0x000000008de00000, 0x000000008df00000, 0x000000008df00000|100%| O|  |TAMS 0x000000008de00000| PB 0x000000008de00000| Untracked |  0
| 157|0x000000008df00000, 0x000000008e000000, 0x000000008e000000|100%| O|  |TAMS 0x000000008df00000| PB 0x000000008df00000| Untracked |  0
| 158|0x000000008e000000, 0x000000008e100000, 0x000000008e100000|100%| O|  |TAMS 0x000000008e000000| PB 0x000000008e000000| Untracked |  0
| 159|0x000000008e100000, 0x000000008e200000, 0x000000008e200000|100%| O|  |TAMS 0x000000008e100000| PB 0x000000008e100000| Untracked |  0
| 160|0x000000008e200000, 0x000000008e300000, 0x000000008e300000|100%| O|  |TAMS 0x000000008e200000| PB 0x000000008e200000| Untracked |  0
| 161|0x000000008e300000, 0x000000008e400000, 0x000000008e400000|100%| O|  |TAMS 0x000000008e300000| PB 0x000000008e300000| Untracked |  0
| 162|0x000000008e400000, 0x000000008e500000, 0x000000008e500000|100%| O|  |TAMS 0x000000008e400000| PB 0x000000008e400000| Untracked |  0
| 163|0x000000008e500000, 0x000000008e500000, 0x000000008e600000|  0%| F|  |TAMS 0x000000008e500000| PB 0x000000008e500000| Untracked |  0
| 164|0x000000008e600000, 0x000000008e700000, 0x000000008e700000|100%| O|Cm|TAMS 0x000000008e600000| PB 0x000000008e600000| Complete |  0
| 165|0x000000008e700000, 0x000000008e700000, 0x000000008e800000|  0%| F|  |TAMS 0x000000008e700000| PB 0x000000008e700000| Untracked |  0
| 166|0x000000008e800000, 0x000000008e900000, 0x000000008e900000|100%| O|  |TAMS 0x000000008e800000| PB 0x000000008e800000| Untracked |  0
| 167|0x000000008e900000, 0x000000008e900000, 0x000000008ea00000|  0%| F|  |TAMS 0x000000008e900000| PB 0x000000008e900000| Untracked |  0
| 168|0x000000008ea00000, 0x000000008eb00000, 0x000000008eb00000|100%| O|  |TAMS 0x000000008ea00000| PB 0x000000008ea00000| Untracked |  0
| 169|0x000000008eb00000, 0x000000008ec00000, 0x000000008ec00000|100%| O|Cm|TAMS 0x000000008eb00000| PB 0x000000008eb00000| Complete |  0
| 170|0x000000008ec00000, 0x000000008ed00000, 0x000000008ed00000|100%| O|  |TAMS 0x000000008ec00000| PB 0x000000008ec00000| Untracked |  0
| 171|0x000000008ed00000, 0x000000008ed00000, 0x000000008ee00000|  0%| F|  |TAMS 0x000000008ed00000| PB 0x000000008ed00000| Untracked |  0
| 172|0x000000008ee00000, 0x000000008ef00000, 0x000000008ef00000|100%| O|  |TAMS 0x000000008ee00000| PB 0x000000008ee00000| Untracked |  0
| 173|0x000000008ef00000, 0x000000008f000000, 0x000000008f000000|100%| O|Cm|TAMS 0x000000008ef00000| PB 0x000000008ef00000| Complete |  0
| 174|0x000000008f000000, 0x000000008f100000, 0x000000008f100000|100%| O|  |TAMS 0x000000008f000000| PB 0x000000008f000000| Untracked |  0
| 175|0x000000008f100000, 0x000000008f200000, 0x000000008f200000|100%| O|Cm|TAMS 0x000000008f100000| PB 0x000000008f100000| Complete |  0
| 176|0x000000008f200000, 0x000000008f300000, 0x000000008f300000|100%| O|Cm|TAMS 0x000000008f200000| PB 0x000000008f200000| Complete |  0
| 177|0x000000008f300000, 0x000000008f400000, 0x000000008f400000|100%| O|  |TAMS 0x000000008f300000| PB 0x000000008f300000| Untracked |  0
| 178|0x000000008f400000, 0x000000008f500000, 0x000000008f500000|100%| O|Cm|TAMS 0x000000008f400000| PB 0x000000008f400000| Complete |  0
| 179|0x000000008f500000, 0x000000008f600000, 0x000000008f600000|100%| O|Cm|TAMS 0x000000008f500000| PB 0x000000008f500000| Complete |  0
| 180|0x000000008f600000, 0x000000008f600000, 0x000000008f700000|  0%| F|  |TAMS 0x000000008f600000| PB 0x000000008f600000| Untracked |  0
| 181|0x000000008f700000, 0x000000008f800000, 0x000000008f800000|100%| O|  |TAMS 0x000000008f700000| PB 0x000000008f700000| Untracked |  0
| 182|0x000000008f800000, 0x000000008f800000, 0x000000008f900000|  0%| F|  |TAMS 0x000000008f800000| PB 0x000000008f800000| Untracked |  0
| 183|0x000000008f900000, 0x000000008f900000, 0x000000008fa00000|  0%| F|  |TAMS 0x000000008f900000| PB 0x000000008f900000| Untracked |  0
| 184|0x000000008fa00000, 0x000000008fb00000, 0x000000008fb00000|100%| O|  |TAMS 0x000000008fa00000| PB 0x000000008fa00000| Untracked |  0
| 185|0x000000008fb00000, 0x000000008fb00000, 0x000000008fc00000|  0%| F|  |TAMS 0x000000008fb00000| PB 0x000000008fb00000| Untracked |  0
| 186|0x000000008fc00000, 0x000000008fd00000, 0x000000008fd00000|100%| O|  |TAMS 0x000000008fc00000| PB 0x000000008fc00000| Untracked |  0
| 187|0x000000008fd00000, 0x000000008fe00000, 0x000000008fe00000|100%| O|  |TAMS 0x000000008fd00000| PB 0x000000008fd00000| Untracked |  0
| 188|0x000000008fe00000, 0x000000008fe00000, 0x000000008ff00000|  0%| F|  |TAMS 0x000000008fe00000| PB 0x000000008fe00000| Untracked |  0
| 189|0x000000008ff00000, 0x000000008ff00000, 0x0000000090000000|  0%| F|  |TAMS 0x000000008ff00000| PB 0x000000008ff00000| Untracked |  0
| 190|0x0000000090000000, 0x0000000090000000, 0x0000000090100000|  0%| F|  |TAMS 0x0000000090000000| PB 0x0000000090000000| Untracked |  0
| 191|0x0000000090100000, 0x0000000090100000, 0x0000000090200000|  0%| F|  |TAMS 0x0000000090100000| PB 0x0000000090100000| Untracked |  0
| 192|0x0000000090200000, 0x0000000090200000, 0x0000000090300000|  0%| F|  |TAMS 0x0000000090200000| PB 0x0000000090200000| Untracked |  0
| 193|0x0000000090300000, 0x0000000090300000, 0x0000000090400000|  0%| F|  |TAMS 0x0000000090300000| PB 0x0000000090300000| Untracked |  0
| 194|0x0000000090400000, 0x0000000090400000, 0x0000000090500000|  0%| F|  |TAMS 0x0000000090400000| PB 0x0000000090400000| Untracked |  0
| 195|0x0000000090500000, 0x0000000090600000, 0x0000000090600000|100%| O|Cm|TAMS 0x0000000090500000| PB 0x0000000090500000| Complete |  0
| 196|0x0000000090600000, 0x0000000090600000, 0x0000000090700000|  0%| F|  |TAMS 0x0000000090600000| PB 0x0000000090600000| Untracked |  0
| 197|0x0000000090700000, 0x0000000090800000, 0x0000000090800000|100%| O|Cm|TAMS 0x0000000090700000| PB 0x0000000090700000| Complete |  0
| 198|0x0000000090800000, 0x0000000090900000, 0x0000000090900000|100%| O|  |TAMS 0x0000000090800000| PB 0x0000000090800000| Untracked |  0
| 199|0x0000000090900000, 0x0000000090900000, 0x0000000090a00000|  0%| F|  |TAMS 0x0000000090900000| PB 0x0000000090900000| Untracked |  0
| 200|0x0000000090a00000, 0x0000000090b00000, 0x0000000090b00000|100%| O|  |TAMS 0x0000000090a00000| PB 0x0000000090a00000| Untracked |  0
| 201|0x0000000090b00000, 0x0000000090b00000, 0x0000000090c00000|  0%| F|  |TAMS 0x0000000090b00000| PB 0x0000000090b00000| Untracked |  0
| 202|0x0000000090c00000, 0x0000000090c00000, 0x0000000090d00000|  0%| F|  |TAMS 0x0000000090c00000| PB 0x0000000090c00000| Untracked |  0
| 203|0x0000000090d00000, 0x0000000090d00000, 0x0000000090e00000|  0%| F|  |TAMS 0x0000000090d00000| PB 0x0000000090d00000| Untracked |  0
| 204|0x0000000090e00000, 0x0000000090f00000, 0x0000000090f00000|100%| O|  |TAMS 0x0000000090e00000| PB 0x0000000090e00000| Untracked |  0
| 205|0x0000000090f00000, 0x0000000091000000, 0x0000000091000000|100%| O|Cm|TAMS 0x0000000090f00000| PB 0x0000000090f00000| Complete |  0
| 206|0x0000000091000000, 0x0000000091100000, 0x0000000091100000|100%| O|Cm|TAMS 0x0000000091000000| PB 0x0000000091000000| Complete |  0
| 207|0x0000000091100000, 0x0000000091200000, 0x0000000091200000|100%| O|Cm|TAMS 0x0000000091100000| PB 0x0000000091100000| Complete |  0
| 208|0x0000000091200000, 0x0000000091280000, 0x0000000091300000| 50%| O|Cm|TAMS 0x0000000091200000| PB 0x0000000091200000| Complete |  0
| 209|0x0000000091300000, 0x0000000091300000, 0x0000000091400000|  0%| F|  |TAMS 0x0000000091300000| PB 0x0000000091300000| Untracked |  0
| 210|0x0000000091400000, 0x0000000091400000, 0x0000000091500000|  0%| F|  |TAMS 0x0000000091400000| PB 0x0000000091400000| Untracked |  0
| 211|0x0000000091500000, 0x0000000091500000, 0x0000000091600000|  0%| F|  |TAMS 0x0000000091500000| PB 0x0000000091500000| Untracked |  0
| 212|0x0000000091600000, 0x0000000091700000, 0x0000000091700000|100%| O|Cm|TAMS 0x0000000091600000| PB 0x0000000091600000| Complete |  0
| 213|0x0000000091700000, 0x0000000091700000, 0x0000000091800000|  0%| F|  |TAMS 0x0000000091700000| PB 0x0000000091700000| Untracked |  0
| 214|0x0000000091800000, 0x0000000091900000, 0x0000000091900000|100%| O|Cm|TAMS 0x0000000091800000| PB 0x0000000091800000| Complete |  0
| 215|0x0000000091900000, 0x0000000091900000, 0x0000000091a00000|  0%| F|  |TAMS 0x0000000091900000| PB 0x0000000091900000| Untracked |  0
| 216|0x0000000091a00000, 0x0000000091a00000, 0x0000000091b00000|  0%| F|  |TAMS 0x0000000091a00000| PB 0x0000000091a00000| Untracked |  0
| 217|0x0000000091b00000, 0x0000000091b00000, 0x0000000091c00000|  0%| F|  |TAMS 0x0000000091b00000| PB 0x0000000091b00000| Untracked |  0
| 218|0x0000000091c00000, 0x0000000091c00000, 0x0000000091d00000|  0%| F|  |TAMS 0x0000000091c00000| PB 0x0000000091c00000| Untracked |  0
| 219|0x0000000091d00000, 0x0000000091d00000, 0x0000000091e00000|  0%| F|  |TAMS 0x0000000091d00000| PB 0x0000000091d00000| Untracked |  0
| 220|0x0000000091e00000, 0x0000000091e00000, 0x0000000091f00000|  0%| F|  |TAMS 0x0000000091e00000| PB 0x0000000091e00000| Untracked |  0
| 221|0x0000000091f00000, 0x0000000091f00000, 0x0000000092000000|  0%| F|  |TAMS 0x0000000091f00000| PB 0x0000000091f00000| Untracked |  0
| 222|0x0000000092000000, 0x0000000092000000, 0x0000000092100000|  0%| F|  |TAMS 0x0000000092000000| PB 0x0000000092000000| Untracked |  0
| 223|0x0000000092100000, 0x0000000092200000, 0x0000000092200000|100%| O|  |TAMS 0x0000000092100000| PB 0x0000000092100000| Untracked |  0
| 224|0x0000000092200000, 0x0000000092200000, 0x0000000092300000|  0%| F|  |TAMS 0x0000000092200000| PB 0x0000000092200000| Untracked |  0
| 225|0x0000000092300000, 0x0000000092300000, 0x0000000092400000|  0%| F|  |TAMS 0x0000000092300000| PB 0x0000000092300000| Untracked |  0
| 226|0x0000000092400000, 0x0000000092400000, 0x0000000092500000|  0%| F|  |TAMS 0x0000000092400000| PB 0x0000000092400000| Untracked |  0
| 227|0x0000000092500000, 0x0000000092600000, 0x0000000092600000|100%| O|  |TAMS 0x0000000092500000| PB 0x0000000092500000| Untracked |  0
| 228|0x0000000092600000, 0x0000000092600000, 0x0000000092700000|  0%| F|  |TAMS 0x0000000092600000| PB 0x0000000092600000| Untracked |  0
| 229|0x0000000092700000, 0x0000000092700000, 0x0000000092800000|  0%| F|  |TAMS 0x0000000092700000| PB 0x0000000092700000| Untracked |  0
| 230|0x0000000092800000, 0x0000000092800000, 0x0000000092900000|  0%| F|  |TAMS 0x0000000092800000| PB 0x0000000092800000| Untracked |  0
| 231|0x0000000092900000, 0x0000000092900000, 0x0000000092a00000|  0%| F|  |TAMS 0x0000000092900000| PB 0x0000000092900000| Untracked |  0
| 232|0x0000000092a00000, 0x0000000092a00000, 0x0000000092b00000|  0%| F|  |TAMS 0x0000000092a00000| PB 0x0000000092a00000| Untracked |  0
| 233|0x0000000092b00000, 0x0000000092b00000, 0x0000000092c00000|  0%| F|  |TAMS 0x0000000092b00000| PB 0x0000000092b00000| Untracked |  0
| 234|0x0000000092c00000, 0x0000000092c00000, 0x0000000092d00000|  0%| F|  |TAMS 0x0000000092c00000| PB 0x0000000092c00000| Untracked |  0
| 235|0x0000000092d00000, 0x0000000092e00000, 0x0000000092e00000|100%| O|  |TAMS 0x0000000092d00000| PB 0x0000000092d00000| Untracked |  0
| 236|0x0000000092e00000, 0x0000000092f00000, 0x0000000092f00000|100%| O|  |TAMS 0x0000000092e00000| PB 0x0000000092e00000| Untracked |  0
| 237|0x0000000092f00000, 0x0000000093000000, 0x0000000093000000|100%| O|  |TAMS 0x0000000092f00000| PB 0x0000000092f00000| Untracked |  0
| 238|0x0000000093000000, 0x0000000093100000, 0x0000000093100000|100%| O|  |TAMS 0x0000000093000000| PB 0x0000000093000000| Untracked |  0
| 239|0x0000000093100000, 0x0000000093200000, 0x0000000093200000|100%| O|  |TAMS 0x0000000093100000| PB 0x0000000093100000| Untracked |  0
| 240|0x0000000093200000, 0x0000000093300000, 0x0000000093300000|100%| O|  |TAMS 0x0000000093200000| PB 0x0000000093200000| Untracked |  0
| 241|0x0000000093300000, 0x0000000093400000, 0x0000000093400000|100%| O|  |TAMS 0x0000000093300000| PB 0x0000000093300000| Untracked |  0
| 242|0x0000000093400000, 0x00000000934f2cb0, 0x0000000093500000| 94%| O|  |TAMS 0x0000000093400000| PB 0x0000000093400000| Untracked |  0
| 243|0x0000000093500000, 0x0000000093500000, 0x0000000093600000|  0%| F|  |TAMS 0x0000000093500000| PB 0x0000000093500000| Untracked |  0
| 244|0x0000000093600000, 0x0000000093600000, 0x0000000093700000|  0%| F|  |TAMS 0x0000000093600000| PB 0x0000000093600000| Untracked |  0
| 245|0x0000000093700000, 0x0000000093700000, 0x0000000093800000|  0%| F|  |TAMS 0x0000000093700000| PB 0x0000000093700000| Untracked |  0
| 246|0x0000000093800000, 0x0000000093800000, 0x0000000093900000|  0%| F|  |TAMS 0x0000000093800000| PB 0x0000000093800000| Untracked |  0
| 247|0x0000000093900000, 0x0000000093900000, 0x0000000093a00000|  0%| F|  |TAMS 0x0000000093900000| PB 0x0000000093900000| Untracked |  0
| 248|0x0000000093a00000, 0x0000000093a00000, 0x0000000093b00000|  0%| F|  |TAMS 0x0000000093a00000| PB 0x0000000093a00000| Untracked |  0
| 249|0x0000000093b00000, 0x0000000093b00000, 0x0000000093c00000|  0%| F|  |TAMS 0x0000000093b00000| PB 0x0000000093b00000| Untracked |  0
| 250|0x0000000093c00000, 0x0000000093c77cd0, 0x0000000093d00000| 46%| S|CS|TAMS 0x0000000093c00000| PB 0x0000000093c00000| Complete |  0
| 251|0x0000000093d00000, 0x0000000093e00000, 0x0000000093e00000|100%| S|CS|TAMS 0x0000000093d00000| PB 0x0000000093d00000| Complete |  0
| 252|0x0000000093e00000, 0x0000000093f00000, 0x0000000093f00000|100%| S|CS|TAMS 0x0000000093e00000| PB 0x0000000093e00000| Complete |  0
| 253|0x0000000093f00000, 0x0000000094000000, 0x0000000094000000|100%| S|CS|TAMS 0x0000000093f00000| PB 0x0000000093f00000| Complete |  0
| 254|0x0000000094000000, 0x0000000094100000, 0x0000000094100000|100%| S|CS|TAMS 0x0000000094000000| PB 0x0000000094000000| Complete |  0
| 255|0x0000000094100000, 0x0000000094200000, 0x0000000094200000|100%| S|CS|TAMS 0x0000000094100000| PB 0x0000000094100000| Complete |  0
| 256|0x0000000094200000, 0x0000000094300000, 0x0000000094300000|100%| S|CS|TAMS 0x0000000094200000| PB 0x0000000094200000| Complete |  0
| 257|0x0000000094300000, 0x0000000094400000, 0x0000000094400000|100%| S|CS|TAMS 0x0000000094300000| PB 0x0000000094300000| Complete |  0
| 258|0x0000000094400000, 0x0000000094500000, 0x0000000094500000|100%| S|CS|TAMS 0x0000000094400000| PB 0x0000000094400000| Complete |  0
| 259|0x0000000094500000, 0x0000000094600000, 0x0000000094600000|100%| S|CS|TAMS 0x0000000094500000| PB 0x0000000094500000| Complete |  0
| 260|0x0000000094600000, 0x0000000094700000, 0x0000000094700000|100%| S|CS|TAMS 0x0000000094600000| PB 0x0000000094600000| Complete |  0
| 261|0x0000000094700000, 0x0000000094800000, 0x0000000094800000|100%| S|CS|TAMS 0x0000000094700000| PB 0x0000000094700000| Complete |  0
| 262|0x0000000094800000, 0x0000000094800000, 0x0000000094900000|  0%| F|  |TAMS 0x0000000094800000| PB 0x0000000094800000| Untracked |  0
| 263|0x0000000094900000, 0x0000000094900000, 0x0000000094a00000|  0%| F|  |TAMS 0x0000000094900000| PB 0x0000000094900000| Untracked |  0
| 264|0x0000000094a00000, 0x0000000094a00000, 0x0000000094b00000|  0%| F|  |TAMS 0x0000000094a00000| PB 0x0000000094a00000| Untracked |  0
| 265|0x0000000094b00000, 0x0000000094b00000, 0x0000000094c00000|  0%| F|  |TAMS 0x0000000094b00000| PB 0x0000000094b00000| Untracked |  0
| 266|0x0000000094c00000, 0x0000000094c00000, 0x0000000094d00000|  0%| F|  |TAMS 0x0000000094c00000| PB 0x0000000094c00000| Untracked |  0
| 267|0x0000000094d00000, 0x0000000094d00000, 0x0000000094e00000|  0%| F|  |TAMS 0x0000000094d00000| PB 0x0000000094d00000| Untracked |  0
| 268|0x0000000094e00000, 0x0000000094e00000, 0x0000000094f00000|  0%| F|  |TAMS 0x0000000094e00000| PB 0x0000000094e00000| Untracked |  0
| 269|0x0000000094f00000, 0x0000000094f00000, 0x0000000095000000|  0%| F|  |TAMS 0x0000000094f00000| PB 0x0000000094f00000| Untracked |  0
| 270|0x0000000095000000, 0x0000000095000000, 0x0000000095100000|  0%| F|  |TAMS 0x0000000095000000| PB 0x0000000095000000| Untracked |  0
| 271|0x0000000095100000, 0x0000000095100000, 0x0000000095200000|  0%| F|  |TAMS 0x0000000095100000| PB 0x0000000095100000| Untracked |  0
| 272|0x0000000095200000, 0x0000000095200000, 0x0000000095300000|  0%| F|  |TAMS 0x0000000095200000| PB 0x0000000095200000| Untracked |  0
| 273|0x0000000095300000, 0x0000000095300000, 0x0000000095400000|  0%| F|  |TAMS 0x0000000095300000| PB 0x0000000095300000| Untracked |  0
| 274|0x0000000095400000, 0x0000000095400000, 0x0000000095500000|  0%| F|  |TAMS 0x0000000095400000| PB 0x0000000095400000| Untracked |  0
| 275|0x0000000095500000, 0x0000000095500000, 0x0000000095600000|  0%| F|  |TAMS 0x0000000095500000| PB 0x0000000095500000| Untracked |  0
| 276|0x0000000095600000, 0x0000000095600000, 0x0000000095700000|  0%| F|  |TAMS 0x0000000095600000| PB 0x0000000095600000| Untracked |  0
| 277|0x0000000095700000, 0x0000000095700000, 0x0000000095800000|  0%| F|  |TAMS 0x0000000095700000| PB 0x0000000095700000| Untracked |  0
| 278|0x0000000095800000, 0x0000000095800000, 0x0000000095900000|  0%| F|  |TAMS 0x0000000095800000| PB 0x0000000095800000| Untracked |  0
| 279|0x0000000095900000, 0x0000000095900000, 0x0000000095a00000|  0%| F|  |TAMS 0x0000000095900000| PB 0x0000000095900000| Untracked |  0
| 280|0x0000000095a00000, 0x0000000095a00000, 0x0000000095b00000|  0%| F|  |TAMS 0x0000000095a00000| PB 0x0000000095a00000| Untracked |  0
| 281|0x0000000095b00000, 0x0000000095b00000, 0x0000000095c00000|  0%| F|  |TAMS 0x0000000095b00000| PB 0x0000000095b00000| Untracked |  0
| 282|0x0000000095c00000, 0x0000000095c00000, 0x0000000095d00000|  0%| F|  |TAMS 0x0000000095c00000| PB 0x0000000095c00000| Untracked |  0
| 283|0x0000000095d00000, 0x0000000095d00000, 0x0000000095e00000|  0%| F|  |TAMS 0x0000000095d00000| PB 0x0000000095d00000| Untracked |  0
| 284|0x0000000095e00000, 0x0000000095e00000, 0x0000000095f00000|  0%| F|  |TAMS 0x0000000095e00000| PB 0x0000000095e00000| Untracked |  0
| 285|0x0000000095f00000, 0x0000000095f00000, 0x0000000096000000|  0%| F|  |TAMS 0x0000000095f00000| PB 0x0000000095f00000| Untracked |  0
| 286|0x0000000096000000, 0x0000000096000000, 0x0000000096100000|  0%| F|  |TAMS 0x0000000096000000| PB 0x0000000096000000| Untracked |  0
| 287|0x0000000096100000, 0x0000000096100000, 0x0000000096200000|  0%| F|  |TAMS 0x0000000096100000| PB 0x0000000096100000| Untracked |  0
| 288|0x0000000096200000, 0x0000000096200000, 0x0000000096300000|  0%| F|  |TAMS 0x0000000096200000| PB 0x0000000096200000| Untracked |  0
| 289|0x0000000096300000, 0x0000000096300000, 0x0000000096400000|  0%| F|  |TAMS 0x0000000096300000| PB 0x0000000096300000| Untracked |  0
| 290|0x0000000096400000, 0x0000000096400000, 0x0000000096500000|  0%| F|  |TAMS 0x0000000096400000| PB 0x0000000096400000| Untracked |  0
| 291|0x0000000096500000, 0x0000000096500000, 0x0000000096600000|  0%| F|  |TAMS 0x0000000096500000| PB 0x0000000096500000| Untracked |  0
| 292|0x0000000096600000, 0x0000000096600000, 0x0000000096700000|  0%| F|  |TAMS 0x0000000096600000| PB 0x0000000096600000| Untracked |  0
| 293|0x0000000096700000, 0x0000000096700000, 0x0000000096800000|  0%| F|  |TAMS 0x0000000096700000| PB 0x0000000096700000| Untracked |  0
| 294|0x0000000096800000, 0x0000000096800000, 0x0000000096900000|  0%| F|  |TAMS 0x0000000096800000| PB 0x0000000096800000| Untracked |  0
| 295|0x0000000096900000, 0x0000000096900000, 0x0000000096a00000|  0%| F|  |TAMS 0x0000000096900000| PB 0x0000000096900000| Untracked |  0
| 296|0x0000000096a00000, 0x0000000096a00000, 0x0000000096b00000|  0%| F|  |TAMS 0x0000000096a00000| PB 0x0000000096a00000| Untracked |  0
| 297|0x0000000096b00000, 0x0000000096b00000, 0x0000000096c00000|  0%| F|  |TAMS 0x0000000096b00000| PB 0x0000000096b00000| Untracked |  0
| 298|0x0000000096c00000, 0x0000000096c00000, 0x0000000096d00000|  0%| F|  |TAMS 0x0000000096c00000| PB 0x0000000096c00000| Untracked |  0
| 299|0x0000000096d00000, 0x0000000096d00000, 0x0000000096e00000|  0%| F|  |TAMS 0x0000000096d00000| PB 0x0000000096d00000| Untracked |  0
| 300|0x0000000096e00000, 0x0000000096e00000, 0x0000000096f00000|  0%| F|  |TAMS 0x0000000096e00000| PB 0x0000000096e00000| Untracked |  0
| 301|0x0000000096f00000, 0x0000000096f00000, 0x0000000097000000|  0%| F|  |TAMS 0x0000000096f00000| PB 0x0000000096f00000| Untracked |  0
| 302|0x0000000097000000, 0x0000000097000000, 0x0000000097100000|  0%| F|  |TAMS 0x0000000097000000| PB 0x0000000097000000| Untracked |  0
| 303|0x0000000097100000, 0x0000000097100000, 0x0000000097200000|  0%| F|  |TAMS 0x0000000097100000| PB 0x0000000097100000| Untracked |  0
| 304|0x0000000097200000, 0x0000000097200000, 0x0000000097300000|  0%| F|  |TAMS 0x0000000097200000| PB 0x0000000097200000| Untracked |  0
| 305|0x0000000097300000, 0x0000000097300000, 0x0000000097400000|  0%| F|  |TAMS 0x0000000097300000| PB 0x0000000097300000| Untracked |  0
| 306|0x0000000097400000, 0x0000000097400000, 0x0000000097500000|  0%| F|  |TAMS 0x0000000097400000| PB 0x0000000097400000| Untracked |  0
| 307|0x0000000097500000, 0x0000000097500000, 0x0000000097600000|  0%| F|  |TAMS 0x0000000097500000| PB 0x0000000097500000| Untracked |  0
| 308|0x0000000097600000, 0x0000000097600000, 0x0000000097700000|  0%| F|  |TAMS 0x0000000097600000| PB 0x0000000097600000| Untracked |  0
| 309|0x0000000097700000, 0x0000000097700000, 0x0000000097800000|  0%| F|  |TAMS 0x0000000097700000| PB 0x0000000097700000| Untracked |  0
| 310|0x0000000097800000, 0x0000000097800000, 0x0000000097900000|  0%| F|  |TAMS 0x0000000097800000| PB 0x0000000097800000| Untracked |  0
| 311|0x0000000097900000, 0x0000000097900000, 0x0000000097a00000|  0%| F|  |TAMS 0x0000000097900000| PB 0x0000000097900000| Untracked |  0
| 312|0x0000000097a00000, 0x0000000097a00000, 0x0000000097b00000|  0%| F|  |TAMS 0x0000000097a00000| PB 0x0000000097a00000| Untracked |  0
| 313|0x0000000097b00000, 0x0000000097b00000, 0x0000000097c00000|  0%| F|  |TAMS 0x0000000097b00000| PB 0x0000000097b00000| Untracked |  0
| 314|0x0000000097c00000, 0x0000000097c00000, 0x0000000097d00000|  0%| F|  |TAMS 0x0000000097c00000| PB 0x0000000097c00000| Untracked |  0
| 315|0x0000000097d00000, 0x0000000097d00000, 0x0000000097e00000|  0%| F|  |TAMS 0x0000000097d00000| PB 0x0000000097d00000| Untracked |  0
| 316|0x0000000097e00000, 0x0000000097e00000, 0x0000000097f00000|  0%| F|  |TAMS 0x0000000097e00000| PB 0x0000000097e00000| Untracked |  0
| 317|0x0000000097f00000, 0x0000000097f00000, 0x0000000098000000|  0%| F|  |TAMS 0x0000000097f00000| PB 0x0000000097f00000| Untracked |  0
| 318|0x0000000098000000, 0x0000000098000000, 0x0000000098100000|  0%| F|  |TAMS 0x0000000098000000| PB 0x0000000098000000| Untracked |  0
| 319|0x0000000098100000, 0x0000000098100000, 0x0000000098200000|  0%| F|  |TAMS 0x0000000098100000| PB 0x0000000098100000| Untracked |  0
| 320|0x0000000098200000, 0x0000000098200000, 0x0000000098300000|  0%| F|  |TAMS 0x0000000098200000| PB 0x0000000098200000| Untracked |  0
| 321|0x0000000098300000, 0x0000000098300000, 0x0000000098400000|  0%| F|  |TAMS 0x0000000098300000| PB 0x0000000098300000| Untracked |  0
| 322|0x0000000098400000, 0x0000000098400000, 0x0000000098500000|  0%| F|  |TAMS 0x0000000098400000| PB 0x0000000098400000| Untracked |  0
| 323|0x0000000098500000, 0x0000000098500000, 0x0000000098600000|  0%| F|  |TAMS 0x0000000098500000| PB 0x0000000098500000| Untracked |  0
| 324|0x0000000098600000, 0x0000000098600000, 0x0000000098700000|  0%| F|  |TAMS 0x0000000098600000| PB 0x0000000098600000| Untracked |  0
| 325|0x0000000098700000, 0x0000000098700000, 0x0000000098800000|  0%| F|  |TAMS 0x0000000098700000| PB 0x0000000098700000| Untracked |  0
| 326|0x0000000098800000, 0x0000000098800000, 0x0000000098900000|  0%| F|  |TAMS 0x0000000098800000| PB 0x0000000098800000| Untracked |  0
| 327|0x0000000098900000, 0x0000000098900000, 0x0000000098a00000|  0%| F|  |TAMS 0x0000000098900000| PB 0x0000000098900000| Untracked |  0
| 328|0x0000000098a00000, 0x0000000098a00000, 0x0000000098b00000|  0%| F|  |TAMS 0x0000000098a00000| PB 0x0000000098a00000| Untracked |  0
| 329|0x0000000098b00000, 0x0000000098b00000, 0x0000000098c00000|  0%| F|  |TAMS 0x0000000098b00000| PB 0x0000000098b00000| Untracked |  0
| 330|0x0000000098c00000, 0x0000000098c00000, 0x0000000098d00000|  0%| F|  |TAMS 0x0000000098c00000| PB 0x0000000098c00000| Untracked |  0
| 331|0x0000000098d00000, 0x0000000098d00000, 0x0000000098e00000|  0%| F|  |TAMS 0x0000000098d00000| PB 0x0000000098d00000| Untracked |  0
| 332|0x0000000098e00000, 0x0000000098e00000, 0x0000000098f00000|  0%| F|  |TAMS 0x0000000098e00000| PB 0x0000000098e00000| Untracked |  0
| 333|0x0000000098f00000, 0x0000000098f00000, 0x0000000099000000|  0%| F|  |TAMS 0x0000000098f00000| PB 0x0000000098f00000| Untracked |  0
| 334|0x0000000099000000, 0x0000000099000000, 0x0000000099100000|  0%| F|  |TAMS 0x0000000099000000| PB 0x0000000099000000| Untracked |  0
| 335|0x0000000099100000, 0x0000000099200000, 0x0000000099200000|100%| O|  |TAMS 0x0000000099100000| PB 0x0000000099100000| Untracked |  0
| 336|0x0000000099200000, 0x0000000099200000, 0x0000000099300000|  0%| F|  |TAMS 0x0000000099200000| PB 0x0000000099200000| Untracked |  0
| 337|0x0000000099300000, 0x0000000099300000, 0x0000000099400000|  0%| F|  |TAMS 0x0000000099300000| PB 0x0000000099300000| Untracked |  0
| 338|0x0000000099400000, 0x0000000099400000, 0x0000000099500000|  0%| F|  |TAMS 0x0000000099400000| PB 0x0000000099400000| Untracked |  0
| 339|0x0000000099500000, 0x0000000099500000, 0x0000000099600000|  0%| F|  |TAMS 0x0000000099500000| PB 0x0000000099500000| Untracked |  0
| 340|0x0000000099600000, 0x0000000099600000, 0x0000000099700000|  0%| F|  |TAMS 0x0000000099600000| PB 0x0000000099600000| Untracked |  0
| 341|0x0000000099700000, 0x0000000099700000, 0x0000000099800000|  0%| F|  |TAMS 0x0000000099700000| PB 0x0000000099700000| Untracked |  0
| 342|0x0000000099800000, 0x0000000099800000, 0x0000000099900000|  0%| F|  |TAMS 0x0000000099800000| PB 0x0000000099800000| Untracked |  0
| 343|0x0000000099900000, 0x0000000099900000, 0x0000000099a00000|  0%| F|  |TAMS 0x0000000099900000| PB 0x0000000099900000| Untracked |  0
| 344|0x0000000099a00000, 0x0000000099a00000, 0x0000000099b00000|  0%| F|  |TAMS 0x0000000099a00000| PB 0x0000000099a00000| Untracked |  0
| 345|0x0000000099b00000, 0x0000000099b00000, 0x0000000099c00000|  0%| F|  |TAMS 0x0000000099b00000| PB 0x0000000099b00000| Untracked |  0
| 346|0x0000000099c00000, 0x0000000099c00000, 0x0000000099d00000|  0%| F|  |TAMS 0x0000000099c00000| PB 0x0000000099c00000| Untracked |  0
| 347|0x0000000099d00000, 0x0000000099d00000, 0x0000000099e00000|  0%| F|  |TAMS 0x0000000099d00000| PB 0x0000000099d00000| Untracked |  0
| 348|0x0000000099e00000, 0x0000000099e00000, 0x0000000099f00000|  0%| F|  |TAMS 0x0000000099e00000| PB 0x0000000099e00000| Untracked |  0
| 349|0x0000000099f00000, 0x0000000099f00000, 0x000000009a000000|  0%| F|  |TAMS 0x0000000099f00000| PB 0x0000000099f00000| Untracked |  0
| 350|0x000000009a000000, 0x000000009a000000, 0x000000009a100000|  0%| F|  |TAMS 0x000000009a000000| PB 0x000000009a000000| Untracked |  0
| 351|0x000000009a100000, 0x000000009a100000, 0x000000009a200000|  0%| F|  |TAMS 0x000000009a100000| PB 0x000000009a100000| Untracked |  0
| 352|0x000000009a200000, 0x000000009a200000, 0x000000009a300000|  0%| F|  |TAMS 0x000000009a200000| PB 0x000000009a200000| Untracked |  0
| 353|0x000000009a300000, 0x000000009a300000, 0x000000009a400000|  0%| F|  |TAMS 0x000000009a300000| PB 0x000000009a300000| Untracked |  0
| 354|0x000000009a400000, 0x000000009a400000, 0x000000009a500000|  0%| F|  |TAMS 0x000000009a400000| PB 0x000000009a400000| Untracked |  0
| 355|0x000000009a500000, 0x000000009a500000, 0x000000009a600000|  0%| F|  |TAMS 0x000000009a500000| PB 0x000000009a500000| Untracked |  0
| 356|0x000000009a600000, 0x000000009a600000, 0x000000009a700000|  0%| F|  |TAMS 0x000000009a600000| PB 0x000000009a600000| Untracked |  0
| 357|0x000000009a700000, 0x000000009a700000, 0x000000009a800000|  0%| F|  |TAMS 0x000000009a700000| PB 0x000000009a700000| Untracked |  0
| 358|0x000000009a800000, 0x000000009a800000, 0x000000009a900000|  0%| F|  |TAMS 0x000000009a800000| PB 0x000000009a800000| Untracked |  0
| 359|0x000000009a900000, 0x000000009a900000, 0x000000009aa00000|  0%| F|  |TAMS 0x000000009a900000| PB 0x000000009a900000| Untracked |  0
| 360|0x000000009aa00000, 0x000000009aa00000, 0x000000009ab00000|  0%| F|  |TAMS 0x000000009aa00000| PB 0x000000009aa00000| Untracked |  0
| 361|0x000000009ab00000, 0x000000009ab00000, 0x000000009ac00000|  0%| F|  |TAMS 0x000000009ab00000| PB 0x000000009ab00000| Untracked |  0
| 362|0x000000009ac00000, 0x000000009ac00000, 0x000000009ad00000|  0%| F|  |TAMS 0x000000009ac00000| PB 0x000000009ac00000| Untracked |  0
| 363|0x000000009ad00000, 0x000000009ad00000, 0x000000009ae00000|  0%| F|  |TAMS 0x000000009ad00000| PB 0x000000009ad00000| Untracked |  0
| 364|0x000000009ae00000, 0x000000009ae00000, 0x000000009af00000|  0%| F|  |TAMS 0x000000009ae00000| PB 0x000000009ae00000| Untracked |  0
| 365|0x000000009af00000, 0x000000009af00000, 0x000000009b000000|  0%| F|  |TAMS 0x000000009af00000| PB 0x000000009af00000| Untracked |  0
| 366|0x000000009b000000, 0x000000009b000000, 0x000000009b100000|  0%| F|  |TAMS 0x000000009b000000| PB 0x000000009b000000| Untracked |  0
| 367|0x000000009b100000, 0x000000009b100000, 0x000000009b200000|  0%| F|  |TAMS 0x000000009b100000| PB 0x000000009b100000| Untracked |  0
| 368|0x000000009b200000, 0x000000009b200000, 0x000000009b300000|  0%| F|  |TAMS 0x000000009b200000| PB 0x000000009b200000| Untracked |  0
| 369|0x000000009b300000, 0x000000009b300000, 0x000000009b400000|  0%| F|  |TAMS 0x000000009b300000| PB 0x000000009b300000| Untracked |  0
| 370|0x000000009b400000, 0x000000009b400000, 0x000000009b500000|  0%| F|  |TAMS 0x000000009b400000| PB 0x000000009b400000| Untracked |  0
| 371|0x000000009b500000, 0x000000009b500000, 0x000000009b600000|  0%| F|  |TAMS 0x000000009b500000| PB 0x000000009b500000| Untracked |  0
| 372|0x000000009b600000, 0x000000009b600000, 0x000000009b700000|  0%| F|  |TAMS 0x000000009b600000| PB 0x000000009b600000| Untracked |  0
| 373|0x000000009b700000, 0x000000009b700000, 0x000000009b800000|  0%| F|  |TAMS 0x000000009b700000| PB 0x000000009b700000| Untracked |  0
| 374|0x000000009b800000, 0x000000009b800000, 0x000000009b900000|  0%| F|  |TAMS 0x000000009b800000| PB 0x000000009b800000| Untracked |  0
| 375|0x000000009b900000, 0x000000009b900000, 0x000000009ba00000|  0%| F|  |TAMS 0x000000009b900000| PB 0x000000009b900000| Untracked |  0
| 376|0x000000009ba00000, 0x000000009ba00000, 0x000000009bb00000|  0%| F|  |TAMS 0x000000009ba00000| PB 0x000000009ba00000| Untracked |  0
| 377|0x000000009bb00000, 0x000000009bb00000, 0x000000009bc00000|  0%| F|  |TAMS 0x000000009bb00000| PB 0x000000009bb00000| Untracked |  0
| 378|0x000000009bc00000, 0x000000009bc00000, 0x000000009bd00000|  0%| F|  |TAMS 0x000000009bc00000| PB 0x000000009bc00000| Untracked |  0
| 379|0x000000009bd00000, 0x000000009bd00000, 0x000000009be00000|  0%| F|  |TAMS 0x000000009bd00000| PB 0x000000009bd00000| Untracked |  0
| 380|0x000000009be00000, 0x000000009be00000, 0x000000009bf00000|  0%| F|  |TAMS 0x000000009be00000| PB 0x000000009be00000| Untracked |  0
| 381|0x000000009bf00000, 0x000000009bf00000, 0x000000009c000000|  0%| F|  |TAMS 0x000000009bf00000| PB 0x000000009bf00000| Untracked |  0
| 382|0x000000009c000000, 0x000000009c000000, 0x000000009c100000|  0%| F|  |TAMS 0x000000009c000000| PB 0x000000009c000000| Untracked |  0
| 383|0x000000009c100000, 0x000000009c100000, 0x000000009c200000|  0%| F|  |TAMS 0x000000009c100000| PB 0x000000009c100000| Untracked |  0
| 384|0x000000009c200000, 0x000000009c200000, 0x000000009c300000|  0%| F|  |TAMS 0x000000009c200000| PB 0x000000009c200000| Untracked |  0
| 385|0x000000009c300000, 0x000000009c300000, 0x000000009c400000|  0%| F|  |TAMS 0x000000009c300000| PB 0x000000009c300000| Untracked |  0
| 386|0x000000009c400000, 0x000000009c400000, 0x000000009c500000|  0%| F|  |TAMS 0x000000009c400000| PB 0x000000009c400000| Untracked |  0
| 387|0x000000009c500000, 0x000000009c500000, 0x000000009c600000|  0%| F|  |TAMS 0x000000009c500000| PB 0x000000009c500000| Untracked |  0
| 388|0x000000009c600000, 0x000000009c600000, 0x000000009c700000|  0%| F|  |TAMS 0x000000009c600000| PB 0x000000009c600000| Untracked |  0
| 389|0x000000009c700000, 0x000000009c700000, 0x000000009c800000|  0%| F|  |TAMS 0x000000009c700000| PB 0x000000009c700000| Untracked |  0
| 390|0x000000009c800000, 0x000000009c800000, 0x000000009c900000|  0%| F|  |TAMS 0x000000009c800000| PB 0x000000009c800000| Untracked |  0
| 391|0x000000009c900000, 0x000000009c900000, 0x000000009ca00000|  0%| F|  |TAMS 0x000000009c900000| PB 0x000000009c900000| Untracked |  0
| 392|0x000000009ca00000, 0x000000009ca00000, 0x000000009cb00000|  0%| F|  |TAMS 0x000000009ca00000| PB 0x000000009ca00000| Untracked |  0
| 393|0x000000009cb00000, 0x000000009cb00000, 0x000000009cc00000|  0%| F|  |TAMS 0x000000009cb00000| PB 0x000000009cb00000| Untracked |  0
| 394|0x000000009cc00000, 0x000000009cc00000, 0x000000009cd00000|  0%| F|  |TAMS 0x000000009cc00000| PB 0x000000009cc00000| Untracked |  0
| 395|0x000000009cd00000, 0x000000009cd00000, 0x000000009ce00000|  0%| F|  |TAMS 0x000000009cd00000| PB 0x000000009cd00000| Untracked |  0
| 396|0x000000009ce00000, 0x000000009ce00000, 0x000000009cf00000|  0%| F|  |TAMS 0x000000009ce00000| PB 0x000000009ce00000| Untracked |  0
| 397|0x000000009cf00000, 0x000000009cf00000, 0x000000009d000000|  0%| F|  |TAMS 0x000000009cf00000| PB 0x000000009cf00000| Untracked |  0
| 398|0x000000009d000000, 0x000000009d000000, 0x000000009d100000|  0%| F|  |TAMS 0x000000009d000000| PB 0x000000009d000000| Untracked |  0
| 399|0x000000009d100000, 0x000000009d100000, 0x000000009d200000|  0%| F|  |TAMS 0x000000009d100000| PB 0x000000009d100000| Untracked |  0
| 400|0x000000009d200000, 0x000000009d200000, 0x000000009d300000|  0%| F|  |TAMS 0x000000009d200000| PB 0x000000009d200000| Untracked |  0
| 401|0x000000009d300000, 0x000000009d300000, 0x000000009d400000|  0%| F|  |TAMS 0x000000009d300000| PB 0x000000009d300000| Untracked |  0
| 402|0x000000009d400000, 0x000000009d400000, 0x000000009d500000|  0%| F|  |TAMS 0x000000009d400000| PB 0x000000009d400000| Untracked |  0
| 403|0x000000009d500000, 0x000000009d500000, 0x000000009d600000|  0%| F|  |TAMS 0x000000009d500000| PB 0x000000009d500000| Untracked |  0
| 404|0x000000009d600000, 0x000000009d600000, 0x000000009d700000|  0%| F|  |TAMS 0x000000009d600000| PB 0x000000009d600000| Untracked |  0
| 405|0x000000009d700000, 0x000000009d700000, 0x000000009d800000|  0%| F|  |TAMS 0x000000009d700000| PB 0x000000009d700000| Untracked |  0
| 406|0x000000009d800000, 0x000000009d800000, 0x000000009d900000|  0%| F|  |TAMS 0x000000009d800000| PB 0x000000009d800000| Untracked |  0
| 407|0x000000009d900000, 0x000000009d900000, 0x000000009da00000|  0%| F|  |TAMS 0x000000009d900000| PB 0x000000009d900000| Untracked |  0
| 408|0x000000009da00000, 0x000000009da00000, 0x000000009db00000|  0%| F|  |TAMS 0x000000009da00000| PB 0x000000009da00000| Untracked |  0
| 409|0x000000009db00000, 0x000000009db00000, 0x000000009dc00000|  0%| F|  |TAMS 0x000000009db00000| PB 0x000000009db00000| Untracked |  0
| 410|0x000000009dc00000, 0x000000009dc00000, 0x000000009dd00000|  0%| F|  |TAMS 0x000000009dc00000| PB 0x000000009dc00000| Untracked |  0
| 411|0x000000009dd00000, 0x000000009dd00000, 0x000000009de00000|  0%| F|  |TAMS 0x000000009dd00000| PB 0x000000009dd00000| Untracked |  0
| 412|0x000000009de00000, 0x000000009de00000, 0x000000009df00000|  0%| F|  |TAMS 0x000000009de00000| PB 0x000000009de00000| Untracked |  0
| 413|0x000000009df00000, 0x000000009df00000, 0x000000009e000000|  0%| F|  |TAMS 0x000000009df00000| PB 0x000000009df00000| Untracked |  0
| 414|0x000000009e000000, 0x000000009e000000, 0x000000009e100000|  0%| F|  |TAMS 0x000000009e000000| PB 0x000000009e000000| Untracked |  0
| 415|0x000000009e100000, 0x000000009e100000, 0x000000009e200000|  0%| F|  |TAMS 0x000000009e100000| PB 0x000000009e100000| Untracked |  0
| 416|0x000000009e200000, 0x000000009e200000, 0x000000009e300000|  0%| F|  |TAMS 0x000000009e200000| PB 0x000000009e200000| Untracked |  0
| 417|0x000000009e300000, 0x000000009e300000, 0x000000009e400000|  0%| F|  |TAMS 0x000000009e300000| PB 0x000000009e300000| Untracked |  0
| 418|0x000000009e400000, 0x000000009e400000, 0x000000009e500000|  0%| F|  |TAMS 0x000000009e400000| PB 0x000000009e400000| Untracked |  0
| 419|0x000000009e500000, 0x000000009e500000, 0x000000009e600000|  0%| F|  |TAMS 0x000000009e500000| PB 0x000000009e500000| Untracked |  0
| 420|0x000000009e600000, 0x000000009e600000, 0x000000009e700000|  0%| F|  |TAMS 0x000000009e600000| PB 0x000000009e600000| Untracked |  0
| 421|0x000000009e700000, 0x000000009e700000, 0x000000009e800000|  0%| F|  |TAMS 0x000000009e700000| PB 0x000000009e700000| Untracked |  0
| 422|0x000000009e800000, 0x000000009e800000, 0x000000009e900000|  0%| F|  |TAMS 0x000000009e800000| PB 0x000000009e800000| Untracked |  0
| 423|0x000000009e900000, 0x000000009e900000, 0x000000009ea00000|  0%| F|  |TAMS 0x000000009e900000| PB 0x000000009e900000| Untracked |  0
| 424|0x000000009ea00000, 0x000000009ea00000, 0x000000009eb00000|  0%| F|  |TAMS 0x000000009ea00000| PB 0x000000009ea00000| Untracked |  0
| 425|0x000000009eb00000, 0x000000009eb00000, 0x000000009ec00000|  0%| F|  |TAMS 0x000000009eb00000| PB 0x000000009eb00000| Untracked |  0
| 426|0x000000009ec00000, 0x000000009ec00000, 0x000000009ed00000|  0%| F|  |TAMS 0x000000009ec00000| PB 0x000000009ec00000| Untracked |  0
| 427|0x000000009ed00000, 0x000000009ed00000, 0x000000009ee00000|  0%| F|  |TAMS 0x000000009ed00000| PB 0x000000009ed00000| Untracked |  0
| 428|0x000000009ee00000, 0x000000009ee00000, 0x000000009ef00000|  0%| F|  |TAMS 0x000000009ee00000| PB 0x000000009ee00000| Untracked |  0
| 429|0x000000009ef00000, 0x000000009ef00000, 0x000000009f000000|  0%| F|  |TAMS 0x000000009ef00000| PB 0x000000009ef00000| Untracked |  0
| 430|0x000000009f000000, 0x000000009f000000, 0x000000009f100000|  0%| F|  |TAMS 0x000000009f000000| PB 0x000000009f000000| Untracked |  0
| 431|0x000000009f100000, 0x000000009f100000, 0x000000009f200000|  0%| F|  |TAMS 0x000000009f100000| PB 0x000000009f100000| Untracked |  0
| 432|0x000000009f200000, 0x000000009f200000, 0x000000009f300000|  0%| F|  |TAMS 0x000000009f200000| PB 0x000000009f200000| Untracked |  0
| 433|0x000000009f300000, 0x000000009f300000, 0x000000009f400000|  0%| F|  |TAMS 0x000000009f300000| PB 0x000000009f300000| Untracked |  0
| 434|0x000000009f400000, 0x000000009f400000, 0x000000009f500000|  0%| F|  |TAMS 0x000000009f400000| PB 0x000000009f400000| Untracked |  0
| 435|0x000000009f500000, 0x000000009f500000, 0x000000009f600000|  0%| F|  |TAMS 0x000000009f500000| PB 0x000000009f500000| Untracked |  0
| 436|0x000000009f600000, 0x000000009f600000, 0x000000009f700000|  0%| F|  |TAMS 0x000000009f600000| PB 0x000000009f600000| Untracked |  0
| 437|0x000000009f700000, 0x000000009f700000, 0x000000009f800000|  0%| F|  |TAMS 0x000000009f700000| PB 0x000000009f700000| Untracked |  0
| 438|0x000000009f800000, 0x000000009f800000, 0x000000009f900000|  0%| F|  |TAMS 0x000000009f800000| PB 0x000000009f800000| Untracked |  0
| 439|0x000000009f900000, 0x000000009f900000, 0x000000009fa00000|  0%| F|  |TAMS 0x000000009f900000| PB 0x000000009f900000| Untracked |  0
| 440|0x000000009fa00000, 0x000000009fa00000, 0x000000009fb00000|  0%| F|  |TAMS 0x000000009fa00000| PB 0x000000009fa00000| Untracked |  0
| 441|0x000000009fb00000, 0x000000009fb00000, 0x000000009fc00000|  0%| F|  |TAMS 0x000000009fb00000| PB 0x000000009fb00000| Untracked |  0
| 442|0x000000009fc00000, 0x000000009fc00000, 0x000000009fd00000|  0%| F|  |TAMS 0x000000009fc00000| PB 0x000000009fc00000| Untracked |  0
| 443|0x000000009fd00000, 0x000000009fd00000, 0x000000009fe00000|  0%| F|  |TAMS 0x000000009fd00000| PB 0x000000009fd00000| Untracked |  0
| 444|0x000000009fe00000, 0x000000009fe00000, 0x000000009ff00000|  0%| F|  |TAMS 0x000000009fe00000| PB 0x000000009fe00000| Untracked |  0
| 445|0x000000009ff00000, 0x000000009ff00000, 0x00000000a0000000|  0%| F|  |TAMS 0x000000009ff00000| PB 0x000000009ff00000| Untracked |  0
| 446|0x00000000a0000000, 0x00000000a0000000, 0x00000000a0100000|  0%| F|  |TAMS 0x00000000a0000000| PB 0x00000000a0000000| Untracked |  0
| 447|0x00000000a0100000, 0x00000000a0100000, 0x00000000a0200000|  0%| F|  |TAMS 0x00000000a0100000| PB 0x00000000a0100000| Untracked |  0
| 448|0x00000000a0200000, 0x00000000a0200000, 0x00000000a0300000|  0%| F|  |TAMS 0x00000000a0200000| PB 0x00000000a0200000| Untracked |  0
| 449|0x00000000a0300000, 0x00000000a0300000, 0x00000000a0400000|  0%| F|  |TAMS 0x00000000a0300000| PB 0x00000000a0300000| Untracked |  0
| 450|0x00000000a0400000, 0x00000000a0400000, 0x00000000a0500000|  0%| F|  |TAMS 0x00000000a0400000| PB 0x00000000a0400000| Untracked |  0
| 451|0x00000000a0500000, 0x00000000a0500000, 0x00000000a0600000|  0%| F|  |TAMS 0x00000000a0500000| PB 0x00000000a0500000| Untracked |  0
| 452|0x00000000a0600000, 0x00000000a0600000, 0x00000000a0700000|  0%| F|  |TAMS 0x00000000a0600000| PB 0x00000000a0600000| Untracked |  0
| 453|0x00000000a0700000, 0x00000000a0700000, 0x00000000a0800000|  0%| F|  |TAMS 0x00000000a0700000| PB 0x00000000a0700000| Untracked |  0
| 454|0x00000000a0800000, 0x00000000a0800000, 0x00000000a0900000|  0%| F|  |TAMS 0x00000000a0800000| PB 0x00000000a0800000| Untracked |  0
| 455|0x00000000a0900000, 0x00000000a0900000, 0x00000000a0a00000|  0%| F|  |TAMS 0x00000000a0900000| PB 0x00000000a0900000| Untracked |  0
| 456|0x00000000a0a00000, 0x00000000a0a00000, 0x00000000a0b00000|  0%| F|  |TAMS 0x00000000a0a00000| PB 0x00000000a0a00000| Untracked |  0
| 457|0x00000000a0b00000, 0x00000000a0b00000, 0x00000000a0c00000|  0%| F|  |TAMS 0x00000000a0b00000| PB 0x00000000a0b00000| Untracked |  0
| 458|0x00000000a0c00000, 0x00000000a0c00000, 0x00000000a0d00000|  0%| F|  |TAMS 0x00000000a0c00000| PB 0x00000000a0c00000| Untracked |  0
| 459|0x00000000a0d00000, 0x00000000a0d00000, 0x00000000a0e00000|  0%| F|  |TAMS 0x00000000a0d00000| PB 0x00000000a0d00000| Untracked |  0
| 460|0x00000000a0e00000, 0x00000000a0e00000, 0x00000000a0f00000|  0%| F|  |TAMS 0x00000000a0e00000| PB 0x00000000a0e00000| Untracked |  0
| 461|0x00000000a0f00000, 0x00000000a0f00000, 0x00000000a1000000|  0%| F|  |TAMS 0x00000000a0f00000| PB 0x00000000a0f00000| Untracked |  0
| 462|0x00000000a1000000, 0x00000000a1000000, 0x00000000a1100000|  0%| F|  |TAMS 0x00000000a1000000| PB 0x00000000a1000000| Untracked |  0
| 463|0x00000000a1100000, 0x00000000a1100000, 0x00000000a1200000|  0%| F|  |TAMS 0x00000000a1100000| PB 0x00000000a1100000| Untracked |  0
| 464|0x00000000a1200000, 0x00000000a1200000, 0x00000000a1300000|  0%| F|  |TAMS 0x00000000a1200000| PB 0x00000000a1200000| Untracked |  0
| 465|0x00000000a1300000, 0x00000000a1300000, 0x00000000a1400000|  0%| F|  |TAMS 0x00000000a1300000| PB 0x00000000a1300000| Untracked |  0
| 466|0x00000000a1400000, 0x00000000a1400000, 0x00000000a1500000|  0%| F|  |TAMS 0x00000000a1400000| PB 0x00000000a1400000| Untracked |  0
| 467|0x00000000a1500000, 0x00000000a1500000, 0x00000000a1600000|  0%| F|  |TAMS 0x00000000a1500000| PB 0x00000000a1500000| Untracked |  0
| 468|0x00000000a1600000, 0x00000000a1600000, 0x00000000a1700000|  0%| F|  |TAMS 0x00000000a1600000| PB 0x00000000a1600000| Untracked |  0
| 469|0x00000000a1700000, 0x00000000a1700000, 0x00000000a1800000|  0%| F|  |TAMS 0x00000000a1700000| PB 0x00000000a1700000| Untracked |  0
| 470|0x00000000a1800000, 0x00000000a1800000, 0x00000000a1900000|  0%| F|  |TAMS 0x00000000a1800000| PB 0x00000000a1800000| Untracked |  0
| 471|0x00000000a1900000, 0x00000000a1900000, 0x00000000a1a00000|  0%| F|  |TAMS 0x00000000a1900000| PB 0x00000000a1900000| Untracked |  0
| 472|0x00000000a1a00000, 0x00000000a1a00000, 0x00000000a1b00000|  0%| F|  |TAMS 0x00000000a1a00000| PB 0x00000000a1a00000| Untracked |  0
| 473|0x00000000a1b00000, 0x00000000a1b00000, 0x00000000a1c00000|  0%| F|  |TAMS 0x00000000a1b00000| PB 0x00000000a1b00000| Untracked |  0
| 474|0x00000000a1c00000, 0x00000000a1c00000, 0x00000000a1d00000|  0%| F|  |TAMS 0x00000000a1c00000| PB 0x00000000a1c00000| Untracked |  0
| 475|0x00000000a1d00000, 0x00000000a1d00000, 0x00000000a1e00000|  0%| F|  |TAMS 0x00000000a1d00000| PB 0x00000000a1d00000| Untracked |  0
| 476|0x00000000a1e00000, 0x00000000a1e00000, 0x00000000a1f00000|  0%| F|  |TAMS 0x00000000a1e00000| PB 0x00000000a1e00000| Untracked |  0
| 477|0x00000000a1f00000, 0x00000000a1f00000, 0x00000000a2000000|  0%| F|  |TAMS 0x00000000a1f00000| PB 0x00000000a1f00000| Untracked |  0
| 478|0x00000000a2000000, 0x00000000a2000000, 0x00000000a2100000|  0%| F|  |TAMS 0x00000000a2000000| PB 0x00000000a2000000| Untracked |  0
| 479|0x00000000a2100000, 0x00000000a2100000, 0x00000000a2200000|  0%| F|  |TAMS 0x00000000a2100000| PB 0x00000000a2100000| Untracked |  0
| 480|0x00000000a2200000, 0x00000000a2200000, 0x00000000a2300000|  0%| F|  |TAMS 0x00000000a2200000| PB 0x00000000a2200000| Untracked |  0
| 481|0x00000000a2300000, 0x00000000a2300000, 0x00000000a2400000|  0%| F|  |TAMS 0x00000000a2300000| PB 0x00000000a2300000| Untracked |  0
| 482|0x00000000a2400000, 0x00000000a2400000, 0x00000000a2500000|  0%| F|  |TAMS 0x00000000a2400000| PB 0x00000000a2400000| Untracked |  0
| 483|0x00000000a2500000, 0x00000000a2500000, 0x00000000a2600000|  0%| F|  |TAMS 0x00000000a2500000| PB 0x00000000a2500000| Untracked |  0
| 484|0x00000000a2600000, 0x00000000a2600000, 0x00000000a2700000|  0%| F|  |TAMS 0x00000000a2600000| PB 0x00000000a2600000| Untracked |  0
| 485|0x00000000a2700000, 0x00000000a2700000, 0x00000000a2800000|  0%| F|  |TAMS 0x00000000a2700000| PB 0x00000000a2700000| Untracked |  0
| 486|0x00000000a2800000, 0x00000000a2800000, 0x00000000a2900000|  0%| F|  |TAMS 0x00000000a2800000| PB 0x00000000a2800000| Untracked |  0
| 487|0x00000000a2900000, 0x00000000a2900000, 0x00000000a2a00000|  0%| F|  |TAMS 0x00000000a2900000| PB 0x00000000a2900000| Untracked |  0
| 488|0x00000000a2a00000, 0x00000000a2a00000, 0x00000000a2b00000|  0%| F|  |TAMS 0x00000000a2a00000| PB 0x00000000a2a00000| Untracked |  0
| 489|0x00000000a2b00000, 0x00000000a2b00000, 0x00000000a2c00000|  0%| F|  |TAMS 0x00000000a2b00000| PB 0x00000000a2b00000| Untracked |  0
| 490|0x00000000a2c00000, 0x00000000a2c00000, 0x00000000a2d00000|  0%| F|  |TAMS 0x00000000a2c00000| PB 0x00000000a2c00000| Untracked |  0
| 491|0x00000000a2d00000, 0x00000000a2d00000, 0x00000000a2e00000|  0%| F|  |TAMS 0x00000000a2d00000| PB 0x00000000a2d00000| Untracked |  0
| 492|0x00000000a2e00000, 0x00000000a2e00000, 0x00000000a2f00000|  0%| F|  |TAMS 0x00000000a2e00000| PB 0x00000000a2e00000| Untracked |  0
| 493|0x00000000a2f00000, 0x00000000a2f00000, 0x00000000a3000000|  0%| F|  |TAMS 0x00000000a2f00000| PB 0x00000000a2f00000| Untracked |  0
| 494|0x00000000a3000000, 0x00000000a3000000, 0x00000000a3100000|  0%| F|  |TAMS 0x00000000a3000000| PB 0x00000000a3000000| Untracked |  0
| 495|0x00000000a3100000, 0x00000000a3100000, 0x00000000a3200000|  0%| F|  |TAMS 0x00000000a3100000| PB 0x00000000a3100000| Untracked |  0
| 496|0x00000000a3200000, 0x00000000a3200000, 0x00000000a3300000|  0%| F|  |TAMS 0x00000000a3200000| PB 0x00000000a3200000| Untracked |  0
| 497|0x00000000a3300000, 0x00000000a3300000, 0x00000000a3400000|  0%| F|  |TAMS 0x00000000a3300000| PB 0x00000000a3300000| Untracked |  0
| 498|0x00000000a3400000, 0x00000000a3400000, 0x00000000a3500000|  0%| F|  |TAMS 0x00000000a3400000| PB 0x00000000a3400000| Untracked |  0
| 499|0x00000000a3500000, 0x00000000a3500000, 0x00000000a3600000|  0%| F|  |TAMS 0x00000000a3500000| PB 0x00000000a3500000| Untracked |  0
| 500|0x00000000a3600000, 0x00000000a3600000, 0x00000000a3700000|  0%| F|  |TAMS 0x00000000a3600000| PB 0x00000000a3600000| Untracked |  0
| 501|0x00000000a3700000, 0x00000000a3700000, 0x00000000a3800000|  0%| F|  |TAMS 0x00000000a3700000| PB 0x00000000a3700000| Untracked |  0
| 502|0x00000000a3800000, 0x00000000a3800000, 0x00000000a3900000|  0%| F|  |TAMS 0x00000000a3800000| PB 0x00000000a3800000| Untracked |  0
| 503|0x00000000a3900000, 0x00000000a3900000, 0x00000000a3a00000|  0%| F|  |TAMS 0x00000000a3900000| PB 0x00000000a3900000| Untracked |  0
| 504|0x00000000a3a00000, 0x00000000a3a00000, 0x00000000a3b00000|  0%| F|  |TAMS 0x00000000a3a00000| PB 0x00000000a3a00000| Untracked |  0
| 505|0x00000000a3b00000, 0x00000000a3b00000, 0x00000000a3c00000|  0%| F|  |TAMS 0x00000000a3b00000| PB 0x00000000a3b00000| Untracked |  0
| 506|0x00000000a3c00000, 0x00000000a3c00000, 0x00000000a3d00000|  0%| F|  |TAMS 0x00000000a3c00000| PB 0x00000000a3c00000| Untracked |  0
| 507|0x00000000a3d00000, 0x00000000a3d00000, 0x00000000a3e00000|  0%| F|  |TAMS 0x00000000a3d00000| PB 0x00000000a3d00000| Untracked |  0
| 508|0x00000000a3e00000, 0x00000000a3e00000, 0x00000000a3f00000|  0%| F|  |TAMS 0x00000000a3e00000| PB 0x00000000a3e00000| Untracked |  0
| 509|0x00000000a3f00000, 0x00000000a3f00000, 0x00000000a4000000|  0%| F|  |TAMS 0x00000000a3f00000| PB 0x00000000a3f00000| Untracked |  0
| 510|0x00000000a4000000, 0x00000000a4000000, 0x00000000a4100000|  0%| F|  |TAMS 0x00000000a4000000| PB 0x00000000a4000000| Untracked |  0
| 511|0x00000000a4100000, 0x00000000a4100000, 0x00000000a4200000|  0%| F|  |TAMS 0x00000000a4100000| PB 0x00000000a4100000| Untracked |  0
| 512|0x00000000a4200000, 0x00000000a4200000, 0x00000000a4300000|  0%| F|  |TAMS 0x00000000a4200000| PB 0x00000000a4200000| Untracked |  0
| 513|0x00000000a4300000, 0x00000000a4300000, 0x00000000a4400000|  0%| F|  |TAMS 0x00000000a4300000| PB 0x00000000a4300000| Untracked |  0
| 514|0x00000000a4400000, 0x00000000a4400000, 0x00000000a4500000|  0%| F|  |TAMS 0x00000000a4400000| PB 0x00000000a4400000| Untracked |  0
| 515|0x00000000a4500000, 0x00000000a4500000, 0x00000000a4600000|  0%| F|  |TAMS 0x00000000a4500000| PB 0x00000000a4500000| Untracked |  0
| 516|0x00000000a4600000, 0x00000000a4600000, 0x00000000a4700000|  0%| F|  |TAMS 0x00000000a4600000| PB 0x00000000a4600000| Untracked |  0
| 517|0x00000000a4700000, 0x00000000a4700000, 0x00000000a4800000|  0%| F|  |TAMS 0x00000000a4700000| PB 0x00000000a4700000| Untracked |  0
| 518|0x00000000a4800000, 0x00000000a4800000, 0x00000000a4900000|  0%| F|  |TAMS 0x00000000a4800000| PB 0x00000000a4800000| Untracked |  0
| 519|0x00000000a4900000, 0x00000000a4900000, 0x00000000a4a00000|  0%| F|  |TAMS 0x00000000a4900000| PB 0x00000000a4900000| Untracked |  0
| 520|0x00000000a4a00000, 0x00000000a4a00000, 0x00000000a4b00000|  0%| F|  |TAMS 0x00000000a4a00000| PB 0x00000000a4a00000| Untracked |  0
| 521|0x00000000a4b00000, 0x00000000a4b00000, 0x00000000a4c00000|  0%| F|  |TAMS 0x00000000a4b00000| PB 0x00000000a4b00000| Untracked |  0
| 522|0x00000000a4c00000, 0x00000000a4c00000, 0x00000000a4d00000|  0%| F|  |TAMS 0x00000000a4c00000| PB 0x00000000a4c00000| Untracked |  0
| 523|0x00000000a4d00000, 0x00000000a4d00000, 0x00000000a4e00000|  0%| F|  |TAMS 0x00000000a4d00000| PB 0x00000000a4d00000| Untracked |  0
| 524|0x00000000a4e00000, 0x00000000a4e00000, 0x00000000a4f00000|  0%| F|  |TAMS 0x00000000a4e00000| PB 0x00000000a4e00000| Untracked |  0
| 525|0x00000000a4f00000, 0x00000000a4f00000, 0x00000000a5000000|  0%| F|  |TAMS 0x00000000a4f00000| PB 0x00000000a4f00000| Untracked |  0
| 526|0x00000000a5000000, 0x00000000a5000000, 0x00000000a5100000|  0%| F|  |TAMS 0x00000000a5000000| PB 0x00000000a5000000| Untracked |  0
| 527|0x00000000a5100000, 0x00000000a5100000, 0x00000000a5200000|  0%| F|  |TAMS 0x00000000a5100000| PB 0x00000000a5100000| Untracked |  0
| 528|0x00000000a5200000, 0x00000000a5280000, 0x00000000a5300000| 50%| E|  |TAMS 0x00000000a5200000| PB 0x00000000a5200000| Complete |  0
| 529|0x00000000a5300000, 0x00000000a5400000, 0x00000000a5400000|100%| E|CS|TAMS 0x00000000a5300000| PB 0x00000000a5300000| Complete |  0
| 530|0x00000000a5400000, 0x00000000a5500000, 0x00000000a5500000|100%| E|CS|TAMS 0x00000000a5400000| PB 0x00000000a5400000| Complete |  0
| 531|0x00000000a5500000, 0x00000000a5600000, 0x00000000a5600000|100%| E|CS|TAMS 0x00000000a5500000| PB 0x00000000a5500000| Complete |  0
| 532|0x00000000a5600000, 0x00000000a5700000, 0x00000000a5700000|100%| E|CS|TAMS 0x00000000a5600000| PB 0x00000000a5600000| Complete |  0
| 533|0x00000000a5700000, 0x00000000a5800000, 0x00000000a5800000|100%| E|CS|TAMS 0x00000000a5700000| PB 0x00000000a5700000| Complete |  0
| 534|0x00000000a5800000, 0x00000000a5900000, 0x00000000a5900000|100%| E|CS|TAMS 0x00000000a5800000| PB 0x00000000a5800000| Complete |  0
| 535|0x00000000a5900000, 0x00000000a5a00000, 0x00000000a5a00000|100%| E|CS|TAMS 0x00000000a5900000| PB 0x00000000a5900000| Complete |  0
| 536|0x00000000a5a00000, 0x00000000a5b00000, 0x00000000a5b00000|100%| E|CS|TAMS 0x00000000a5a00000| PB 0x00000000a5a00000| Complete |  0
| 537|0x00000000a5b00000, 0x00000000a5c00000, 0x00000000a5c00000|100%| E|CS|TAMS 0x00000000a5b00000| PB 0x00000000a5b00000| Complete |  0
| 538|0x00000000a5c00000, 0x00000000a5d00000, 0x00000000a5d00000|100%| E|CS|TAMS 0x00000000a5c00000| PB 0x00000000a5c00000| Complete |  0
| 539|0x00000000a5d00000, 0x00000000a5e00000, 0x00000000a5e00000|100%| E|CS|TAMS 0x00000000a5d00000| PB 0x00000000a5d00000| Complete |  0
| 540|0x00000000a5e00000, 0x00000000a5f00000, 0x00000000a5f00000|100%| E|CS|TAMS 0x00000000a5e00000| PB 0x00000000a5e00000| Complete |  0
| 541|0x00000000a5f00000, 0x00000000a6000000, 0x00000000a6000000|100%| E|CS|TAMS 0x00000000a5f00000| PB 0x00000000a5f00000| Complete |  0
| 542|0x00000000a6000000, 0x00000000a6100000, 0x00000000a6100000|100%| E|CS|TAMS 0x00000000a6000000| PB 0x00000000a6000000| Complete |  0
| 543|0x00000000a6100000, 0x00000000a6200000, 0x00000000a6200000|100%| E|CS|TAMS 0x00000000a6100000| PB 0x00000000a6100000| Complete |  0
| 544|0x00000000a6200000, 0x00000000a6300000, 0x00000000a6300000|100%| E|CS|TAMS 0x00000000a6200000| PB 0x00000000a6200000| Complete |  0
| 545|0x00000000a6300000, 0x00000000a6400000, 0x00000000a6400000|100%| E|CS|TAMS 0x00000000a6300000| PB 0x00000000a6300000| Complete |  0
| 546|0x00000000a6400000, 0x00000000a6500000, 0x00000000a6500000|100%| E|CS|TAMS 0x00000000a6400000| PB 0x00000000a6400000| Complete |  0
| 547|0x00000000a6500000, 0x00000000a6600000, 0x00000000a6600000|100%| E|CS|TAMS 0x00000000a6500000| PB 0x00000000a6500000| Complete |  0
| 548|0x00000000a6600000, 0x00000000a6700000, 0x00000000a6700000|100%| E|CS|TAMS 0x00000000a6600000| PB 0x00000000a6600000| Complete |  0
| 549|0x00000000a6700000, 0x00000000a6800000, 0x00000000a6800000|100%| E|CS|TAMS 0x00000000a6700000| PB 0x00000000a6700000| Complete |  0
| 550|0x00000000a6800000, 0x00000000a6900000, 0x00000000a6900000|100%| E|CS|TAMS 0x00000000a6800000| PB 0x00000000a6800000| Complete |  0
| 551|0x00000000a6900000, 0x00000000a6a00000, 0x00000000a6a00000|100%| E|CS|TAMS 0x00000000a6900000| PB 0x00000000a6900000| Complete |  0
| 552|0x00000000a6a00000, 0x00000000a6b00000, 0x00000000a6b00000|100%| E|CS|TAMS 0x00000000a6a00000| PB 0x00000000a6a00000| Complete |  0
| 553|0x00000000a6b00000, 0x00000000a6c00000, 0x00000000a6c00000|100%| E|CS|TAMS 0x00000000a6b00000| PB 0x00000000a6b00000| Complete |  0
| 554|0x00000000a6c00000, 0x00000000a6d00000, 0x00000000a6d00000|100%| E|CS|TAMS 0x00000000a6c00000| PB 0x00000000a6c00000| Complete |  0
| 555|0x00000000a6d00000, 0x00000000a6e00000, 0x00000000a6e00000|100%| E|CS|TAMS 0x00000000a6d00000| PB 0x00000000a6d00000| Complete |  0
| 556|0x00000000a6e00000, 0x00000000a6f00000, 0x00000000a6f00000|100%| E|CS|TAMS 0x00000000a6e00000| PB 0x00000000a6e00000| Complete |  0
| 557|0x00000000a6f00000, 0x00000000a7000000, 0x00000000a7000000|100%| E|CS|TAMS 0x00000000a6f00000| PB 0x00000000a6f00000| Complete |  0
| 558|0x00000000a7000000, 0x00000000a7100000, 0x00000000a7100000|100%| E|CS|TAMS 0x00000000a7000000| PB 0x00000000a7000000| Complete |  0
| 559|0x00000000a7100000, 0x00000000a7200000, 0x00000000a7200000|100%| E|CS|TAMS 0x00000000a7100000| PB 0x00000000a7100000| Complete |  0
| 560|0x00000000a7200000, 0x00000000a7300000, 0x00000000a7300000|100%| E|CS|TAMS 0x00000000a7200000| PB 0x00000000a7200000| Complete |  0
| 561|0x00000000a7300000, 0x00000000a7400000, 0x00000000a7400000|100%| E|CS|TAMS 0x00000000a7300000| PB 0x00000000a7300000| Complete |  0
| 562|0x00000000a7400000, 0x00000000a7500000, 0x00000000a7500000|100%| E|CS|TAMS 0x00000000a7400000| PB 0x00000000a7400000| Complete |  0
| 563|0x00000000a7500000, 0x00000000a7600000, 0x00000000a7600000|100%| E|CS|TAMS 0x00000000a7500000| PB 0x00000000a7500000| Complete |  0
| 564|0x00000000a7600000, 0x00000000a7700000, 0x00000000a7700000|100%| E|CS|TAMS 0x00000000a7600000| PB 0x00000000a7600000| Complete |  0
| 565|0x00000000a7700000, 0x00000000a7800000, 0x00000000a7800000|100%| E|CS|TAMS 0x00000000a7700000| PB 0x00000000a7700000| Complete |  0
| 566|0x00000000a7800000, 0x00000000a7900000, 0x00000000a7900000|100%| E|CS|TAMS 0x00000000a7800000| PB 0x00000000a7800000| Complete |  0
| 567|0x00000000a7900000, 0x00000000a7a00000, 0x00000000a7a00000|100%| E|CS|TAMS 0x00000000a7900000| PB 0x00000000a7900000| Complete |  0
| 568|0x00000000a7a00000, 0x00000000a7b00000, 0x00000000a7b00000|100%| E|CS|TAMS 0x00000000a7a00000| PB 0x00000000a7a00000| Complete |  0
| 569|0x00000000a7b00000, 0x00000000a7c00000, 0x00000000a7c00000|100%| E|CS|TAMS 0x00000000a7b00000| PB 0x00000000a7b00000| Complete |  0
| 570|0x00000000a7c00000, 0x00000000a7d00000, 0x00000000a7d00000|100%| E|CS|TAMS 0x00000000a7c00000| PB 0x00000000a7c00000| Complete |  0
| 571|0x00000000a7d00000, 0x00000000a7e00000, 0x00000000a7e00000|100%| E|CS|TAMS 0x00000000a7d00000| PB 0x00000000a7d00000| Complete |  0
| 572|0x00000000a7e00000, 0x00000000a7f00000, 0x00000000a7f00000|100%| E|CS|TAMS 0x00000000a7e00000| PB 0x00000000a7e00000| Complete |  0
| 573|0x00000000a7f00000, 0x00000000a8000000, 0x00000000a8000000|100%| E|CS|TAMS 0x00000000a7f00000| PB 0x00000000a7f00000| Complete |  0
| 574|0x00000000a8000000, 0x00000000a8100000, 0x00000000a8100000|100%| E|CS|TAMS 0x00000000a8000000| PB 0x00000000a8000000| Complete |  0
| 575|0x00000000a8100000, 0x00000000a8200000, 0x00000000a8200000|100%| E|CS|TAMS 0x00000000a8100000| PB 0x00000000a8100000| Complete |  0
| 591|0x00000000a9100000, 0x00000000a9200000, 0x00000000a9200000|100%| E|CS|TAMS 0x00000000a9100000| PB 0x00000000a9100000| Complete |  0
| 592|0x00000000a9200000, 0x00000000a9300000, 0x00000000a9300000|100%| E|CS|TAMS 0x00000000a9200000| PB 0x00000000a9200000| Complete |  0
| 593|0x00000000a9300000, 0x00000000a9400000, 0x00000000a9400000|100%| E|CS|TAMS 0x00000000a9300000| PB 0x00000000a9300000| Complete |  0
| 594|0x00000000a9400000, 0x00000000a9500000, 0x00000000a9500000|100%| E|CS|TAMS 0x00000000a9400000| PB 0x00000000a9400000| Complete |  0
| 595|0x00000000a9500000, 0x00000000a9600000, 0x00000000a9600000|100%| E|CS|TAMS 0x00000000a9500000| PB 0x00000000a9500000| Complete |  0
| 596|0x00000000a9600000, 0x00000000a9700000, 0x00000000a9700000|100%| E|CS|TAMS 0x00000000a9600000| PB 0x00000000a9600000| Complete |  0
| 597|0x00000000a9700000, 0x00000000a9800000, 0x00000000a9800000|100%| E|CS|TAMS 0x00000000a9700000| PB 0x00000000a9700000| Complete |  0
| 598|0x00000000a9800000, 0x00000000a9900000, 0x00000000a9900000|100%| E|CS|TAMS 0x00000000a9800000| PB 0x00000000a9800000| Complete |  0
| 599|0x00000000a9900000, 0x00000000a9a00000, 0x00000000a9a00000|100%| E|CS|TAMS 0x00000000a9900000| PB 0x00000000a9900000| Complete |  0
| 600|0x00000000a9a00000, 0x00000000a9b00000, 0x00000000a9b00000|100%| E|CS|TAMS 0x00000000a9a00000| PB 0x00000000a9a00000| Complete |  0
| 601|0x00000000a9b00000, 0x00000000a9c00000, 0x00000000a9c00000|100%| E|CS|TAMS 0x00000000a9b00000| PB 0x00000000a9b00000| Complete |  0
| 602|0x00000000a9c00000, 0x00000000a9d00000, 0x00000000a9d00000|100%| E|CS|TAMS 0x00000000a9c00000| PB 0x00000000a9c00000| Complete |  0
| 603|0x00000000a9d00000, 0x00000000a9e00000, 0x00000000a9e00000|100%| E|CS|TAMS 0x00000000a9d00000| PB 0x00000000a9d00000| Complete |  0
| 604|0x00000000a9e00000, 0x00000000a9f00000, 0x00000000a9f00000|100%| E|CS|TAMS 0x00000000a9e00000| PB 0x00000000a9e00000| Complete |  0
| 605|0x00000000a9f00000, 0x00000000aa000000, 0x00000000aa000000|100%| E|CS|TAMS 0x00000000a9f00000| PB 0x00000000a9f00000| Complete |  0
| 606|0x00000000aa000000, 0x00000000aa100000, 0x00000000aa100000|100%| E|CS|TAMS 0x00000000aa000000| PB 0x00000000aa000000| Complete |  0
| 607|0x00000000aa100000, 0x00000000aa200000, 0x00000000aa200000|100%| E|CS|TAMS 0x00000000aa100000| PB 0x00000000aa100000| Complete |  0
| 608|0x00000000aa200000, 0x00000000aa300000, 0x00000000aa300000|100%| E|CS|TAMS 0x00000000aa200000| PB 0x00000000aa200000| Complete |  0
| 609|0x00000000aa300000, 0x00000000aa400000, 0x00000000aa400000|100%| E|CS|TAMS 0x00000000aa300000| PB 0x00000000aa300000| Complete |  0
| 610|0x00000000aa400000, 0x00000000aa500000, 0x00000000aa500000|100%| E|CS|TAMS 0x00000000aa400000| PB 0x00000000aa400000| Complete |  0
| 611|0x00000000aa500000, 0x00000000aa600000, 0x00000000aa600000|100%| E|CS|TAMS 0x00000000aa500000| PB 0x00000000aa500000| Complete |  0
| 612|0x00000000aa600000, 0x00000000aa700000, 0x00000000aa700000|100%| E|CS|TAMS 0x00000000aa600000| PB 0x00000000aa600000| Complete |  0
| 613|0x00000000aa700000, 0x00000000aa800000, 0x00000000aa800000|100%| E|CS|TAMS 0x00000000aa700000| PB 0x00000000aa700000| Complete |  0
| 614|0x00000000aa800000, 0x00000000aa900000, 0x00000000aa900000|100%| E|CS|TAMS 0x00000000aa800000| PB 0x00000000aa800000| Complete |  0
| 615|0x00000000aa900000, 0x00000000aaa00000, 0x00000000aaa00000|100%| E|CS|TAMS 0x00000000aa900000| PB 0x00000000aa900000| Complete |  0
| 616|0x00000000aaa00000, 0x00000000aab00000, 0x00000000aab00000|100%| E|CS|TAMS 0x00000000aaa00000| PB 0x00000000aaa00000| Complete |  0
| 617|0x00000000aab00000, 0x00000000aac00000, 0x00000000aac00000|100%| E|CS|TAMS 0x00000000aab00000| PB 0x00000000aab00000| Complete |  0
| 618|0x00000000aac00000, 0x00000000aad00000, 0x00000000aad00000|100%| E|CS|TAMS 0x00000000aac00000| PB 0x00000000aac00000| Complete |  0
| 619|0x00000000aad00000, 0x00000000aae00000, 0x00000000aae00000|100%| E|CS|TAMS 0x00000000aad00000| PB 0x00000000aad00000| Complete |  0
| 620|0x00000000aae00000, 0x00000000aaf00000, 0x00000000aaf00000|100%| E|CS|TAMS 0x00000000aae00000| PB 0x00000000aae00000| Complete |  0
| 621|0x00000000aaf00000, 0x00000000ab000000, 0x00000000ab000000|100%| E|CS|TAMS 0x00000000aaf00000| PB 0x00000000aaf00000| Complete |  0
| 622|0x00000000ab000000, 0x00000000ab100000, 0x00000000ab100000|100%| E|CS|TAMS 0x00000000ab000000| PB 0x00000000ab000000| Complete |  0
| 623|0x00000000ab100000, 0x00000000ab200000, 0x00000000ab200000|100%| E|CS|TAMS 0x00000000ab100000| PB 0x00000000ab100000| Complete |  0
| 624|0x00000000ab200000, 0x00000000ab300000, 0x00000000ab300000|100%| E|CS|TAMS 0x00000000ab200000| PB 0x00000000ab200000| Complete |  0
| 625|0x00000000ab300000, 0x00000000ab400000, 0x00000000ab400000|100%| E|CS|TAMS 0x00000000ab300000| PB 0x00000000ab300000| Complete |  0
| 626|0x00000000ab400000, 0x00000000ab500000, 0x00000000ab500000|100%| E|CS|TAMS 0x00000000ab400000| PB 0x00000000ab400000| Complete |  0
| 627|0x00000000ab500000, 0x00000000ab600000, 0x00000000ab600000|100%| E|CS|TAMS 0x00000000ab500000| PB 0x00000000ab500000| Complete |  0
| 628|0x00000000ab600000, 0x00000000ab700000, 0x00000000ab700000|100%| E|CS|TAMS 0x00000000ab600000| PB 0x00000000ab600000| Complete |  0
| 629|0x00000000ab700000, 0x00000000ab800000, 0x00000000ab800000|100%| E|CS|TAMS 0x00000000ab700000| PB 0x00000000ab700000| Complete |  0
| 630|0x00000000ab800000, 0x00000000ab900000, 0x00000000ab900000|100%| E|CS|TAMS 0x00000000ab800000| PB 0x00000000ab800000| Complete |  0
| 631|0x00000000ab900000, 0x00000000aba00000, 0x00000000aba00000|100%| E|CS|TAMS 0x00000000ab900000| PB 0x00000000ab900000| Complete |  0
| 632|0x00000000aba00000, 0x00000000abb00000, 0x00000000abb00000|100%| E|CS|TAMS 0x00000000aba00000| PB 0x00000000aba00000| Complete |  0
| 633|0x00000000abb00000, 0x00000000abc00000, 0x00000000abc00000|100%| E|CS|TAMS 0x00000000abb00000| PB 0x00000000abb00000| Complete |  0
| 634|0x00000000abc00000, 0x00000000abd00000, 0x00000000abd00000|100%| E|CS|TAMS 0x00000000abc00000| PB 0x00000000abc00000| Complete |  0
| 635|0x00000000abd00000, 0x00000000abe00000, 0x00000000abe00000|100%| E|CS|TAMS 0x00000000abd00000| PB 0x00000000abd00000| Complete |  0
| 636|0x00000000abe00000, 0x00000000abf00000, 0x00000000abf00000|100%| E|CS|TAMS 0x00000000abe00000| PB 0x00000000abe00000| Complete |  0
| 637|0x00000000abf00000, 0x00000000ac000000, 0x00000000ac000000|100%| E|CS|TAMS 0x00000000abf00000| PB 0x00000000abf00000| Complete |  0
| 638|0x00000000ac000000, 0x00000000ac100000, 0x00000000ac100000|100%| E|CS|TAMS 0x00000000ac000000| PB 0x00000000ac000000| Complete |  0
| 639|0x00000000ac100000, 0x00000000ac200000, 0x00000000ac200000|100%| E|CS|TAMS 0x00000000ac100000| PB 0x00000000ac100000| Complete |  0
| 640|0x00000000ac200000, 0x00000000ac300000, 0x00000000ac300000|100%| E|CS|TAMS 0x00000000ac200000| PB 0x00000000ac200000| Complete |  0
| 641|0x00000000ac300000, 0x00000000ac400000, 0x00000000ac400000|100%| E|CS|TAMS 0x00000000ac300000| PB 0x00000000ac300000| Complete |  0
| 642|0x00000000ac400000, 0x00000000ac500000, 0x00000000ac500000|100%| E|CS|TAMS 0x00000000ac400000| PB 0x00000000ac400000| Complete |  0
| 643|0x00000000ac500000, 0x00000000ac600000, 0x00000000ac600000|100%| E|CS|TAMS 0x00000000ac500000| PB 0x00000000ac500000| Complete |  0
| 644|0x00000000ac600000, 0x00000000ac700000, 0x00000000ac700000|100%| E|CS|TAMS 0x00000000ac600000| PB 0x00000000ac600000| Complete |  0
| 645|0x00000000ac700000, 0x00000000ac800000, 0x00000000ac800000|100%| E|CS|TAMS 0x00000000ac700000| PB 0x00000000ac700000| Complete |  0
| 646|0x00000000ac800000, 0x00000000ac900000, 0x00000000ac900000|100%| E|CS|TAMS 0x00000000ac800000| PB 0x00000000ac800000| Complete |  0
| 647|0x00000000ac900000, 0x00000000aca00000, 0x00000000aca00000|100%| E|CS|TAMS 0x00000000ac900000| PB 0x00000000ac900000| Complete |  0
| 648|0x00000000aca00000, 0x00000000acb00000, 0x00000000acb00000|100%| E|CS|TAMS 0x00000000aca00000| PB 0x00000000aca00000| Complete |  0
| 649|0x00000000acb00000, 0x00000000acc00000, 0x00000000acc00000|100%| E|CS|TAMS 0x00000000acb00000| PB 0x00000000acb00000| Complete |  0
| 650|0x00000000acc00000, 0x00000000acd00000, 0x00000000acd00000|100%| E|CS|TAMS 0x00000000acc00000| PB 0x00000000acc00000| Complete |  0
| 651|0x00000000acd00000, 0x00000000ace00000, 0x00000000ace00000|100%| E|CS|TAMS 0x00000000acd00000| PB 0x00000000acd00000| Complete |  0
| 652|0x00000000ace00000, 0x00000000acf00000, 0x00000000acf00000|100%| E|CS|TAMS 0x00000000ace00000| PB 0x00000000ace00000| Complete |  0
| 653|0x00000000acf00000, 0x00000000ad000000, 0x00000000ad000000|100%| E|CS|TAMS 0x00000000acf00000| PB 0x00000000acf00000| Complete |  0
| 654|0x00000000ad000000, 0x00000000ad100000, 0x00000000ad100000|100%| E|CS|TAMS 0x00000000ad000000| PB 0x00000000ad000000| Complete |  0
| 655|0x00000000ad100000, 0x00000000ad200000, 0x00000000ad200000|100%| E|CS|TAMS 0x00000000ad100000| PB 0x00000000ad100000| Complete |  0
| 656|0x00000000ad200000, 0x00000000ad300000, 0x00000000ad300000|100%| E|CS|TAMS 0x00000000ad200000| PB 0x00000000ad200000| Complete |  0
| 657|0x00000000ad300000, 0x00000000ad400000, 0x00000000ad400000|100%| E|CS|TAMS 0x00000000ad300000| PB 0x00000000ad300000| Complete |  0
| 658|0x00000000ad400000, 0x00000000ad500000, 0x00000000ad500000|100%| E|CS|TAMS 0x00000000ad400000| PB 0x00000000ad400000| Complete |  0
| 659|0x00000000ad500000, 0x00000000ad600000, 0x00000000ad600000|100%| E|CS|TAMS 0x00000000ad500000| PB 0x00000000ad500000| Complete |  0
|1439|0x00000000de100000, 0x00000000de200000, 0x00000000de200000|100%| E|CS|TAMS 0x00000000de100000| PB 0x00000000de100000| Complete |  0
|1440|0x00000000de200000, 0x00000000de300000, 0x00000000de300000|100%| E|CS|TAMS 0x00000000de200000| PB 0x00000000de200000| Complete |  0
|1441|0x00000000de300000, 0x00000000de400000, 0x00000000de400000|100%| E|CS|TAMS 0x00000000de300000| PB 0x00000000de300000| Complete |  0
|1442|0x00000000de400000, 0x00000000de500000, 0x00000000de500000|100%| E|CS|TAMS 0x00000000de400000| PB 0x00000000de400000| Complete |  0
|1943|0x00000000fd900000, 0x00000000fda00000, 0x00000000fda00000|100%| E|CS|TAMS 0x00000000fd900000| PB 0x00000000fd900000| Complete |  0
|1944|0x00000000fda00000, 0x00000000fdb00000, 0x00000000fdb00000|100%| E|CS|TAMS 0x00000000fda00000| PB 0x00000000fda00000| Complete |  0
|1947|0x00000000fdd00000, 0x00000000fde00000, 0x00000000fde00000|100%| E|CS|TAMS 0x00000000fdd00000| PB 0x00000000fdd00000| Complete |  0
|1950|0x00000000fe000000, 0x00000000fe100000, 0x00000000fe100000|100%| O|  |TAMS 0x00000000fe000000| PB 0x00000000fe000000| Untracked |  0
|1951|0x00000000fe100000, 0x00000000fe200000, 0x00000000fe200000|100%| O|  |TAMS 0x00000000fe100000| PB 0x00000000fe100000| Untracked |  0
|1972|0x00000000ff600000, 0x00000000ff700000, 0x00000000ff700000|100%| E|CS|TAMS 0x00000000ff600000| PB 0x00000000ff600000| Complete |  0
|1973|0x00000000ff700000, 0x00000000ff800000, 0x00000000ff800000|100%| E|CS|TAMS 0x00000000ff700000| PB 0x00000000ff700000| Complete |  0
|1974|0x00000000ff800000, 0x00000000ff900000, 0x00000000ff900000|100%| E|CS|TAMS 0x00000000ff800000| PB 0x00000000ff800000| Complete |  0
|1975|0x00000000ff900000, 0x00000000ffa00000, 0x00000000ffa00000|100%| E|CS|TAMS 0x00000000ff900000| PB 0x00000000ff900000| Complete |  0
|1976|0x00000000ffa00000, 0x00000000ffb00000, 0x00000000ffb00000|100%| E|CS|TAMS 0x00000000ffa00000| PB 0x00000000ffa00000| Complete |  0
|1977|0x00000000ffb00000, 0x00000000ffc00000, 0x00000000ffc00000|100%| E|CS|TAMS 0x00000000ffb00000| PB 0x00000000ffb00000| Complete |  0
|1978|0x00000000ffc00000, 0x00000000ffd00000, 0x00000000ffd00000|100%| E|CS|TAMS 0x00000000ffc00000| PB 0x00000000ffc00000| Complete |  0
|1979|0x00000000ffd00000, 0x00000000ffe00000, 0x00000000ffe00000|100%| E|CS|TAMS 0x00000000ffd00000| PB 0x00000000ffd00000| Complete |  0
|1980|0x00000000ffe00000, 0x00000000fff00000, 0x00000000fff00000|100%| O|  |TAMS 0x00000000ffe00000| PB 0x00000000ffe00000| Untracked |  0
|1981|0x00000000fff00000, 0x0000000100000000, 0x0000000100000000|100%| E|CS|TAMS 0x00000000fff00000| PB 0x00000000fff00000| Complete |  0

Card table byte_map: [0x0000024976970000,0x0000024976d50000] _byte_map_base: 0x000002497654f000

Marking Bits: (CMBitMap*) 0x000002497258fc30
 Bits: [0x0000024976d50000, 0x0000024978c48000)

Polling page: 0x0000024971980000

Metaspace:
Metaspace        used 154464K, committed 157888K, reserved 1245184K
 class space     used 18401K, committed 19840K, reserved 1048576K

Usage:
  Non-class:    132.87 MB used.
      Class:     17.97 MB used.
       Both:    150.84 MB used.

Virtual space:
  Non-class space:      192.00 MB reserved,     134.81 MB ( 70%) committed,  3 nodes.
      Class space:        1.00 GB reserved,      19.38 MB (  2%) committed,  1 nodes.
             Both:        1.19 GB reserved,     154.19 MB ( 13%) committed. 

Chunk freelists:
   Non-Class:  8.34 MB
       Class:  12.61 MB
        Both:  20.95 MB

MaxMetaspaceSize: unlimited
CompressedClassSpaceSize: 1.00 GB
Initial GC threshold: 21.00 MB
Current GC threshold: 256.56 MB
CDS: on
 - commit_granule_bytes: 65536.
 - commit_granule_words: 8192.
 - virtual_space_node_default_size: 8388608.
 - enlarge_chunks_in_place: 1.
UseCompressedClassPointers 1, UseCompactObjectHeaders 0
Narrow klass pointer bits 32, Max shift 3
Narrow klass base: 0x0000000036000000, Narrow klass shift: 0
Encoding Range: [0x0000000036000000 - 0x0000000136000000), (4294967296 bytes)
Klass Range:    [0x0000000036010000 - 0x0000000077000000), (1090453504 bytes)
Klass ID Range:  [65536 - 1090519033) (1090453497)
Protection zone: [0x0000000036000000 - 0x0000000036010000), (65536 bytes)


Internal statistics:

num_allocs_failed_limit: 12.
num_arena_births: 1900.
num_arena_deaths: 286.
num_vsnodes_births: 4.
num_vsnodes_deaths: 0.
num_space_committed: 2486.
num_space_uncommitted: 12.
num_chunks_returned_to_freelist: 462.
num_chunks_taken_from_freelist: 9685.
num_chunk_merges: 130.
num_chunk_splits: 5890.
num_chunks_enlarged: 3418.
num_inconsistent_stats: 0.

CodeHeap 'non-profiled nmethods': size=120064Kb used=19037Kb max_used=20130Kb free=101026Kb
 bounds [0x0000024907ac0000, 0x0000024908e80000, 0x000002490f000000]
CodeHeap 'profiled nmethods': size=120000Kb used=29116Kb max_used=34098Kb free=90883Kb
 bounds [0x0000024900000000, 0x0000024902180000, 0x0000024907530000]
CodeHeap 'non-nmethods': size=5696Kb used=2569Kb max_used=2821Kb free=3126Kb
 bounds [0x0000024907530000, 0x0000024907820000, 0x0000024907ac0000]
CodeCache: size=245760Kb, used=50722Kb, max_used=57049Kb, free=195035Kb
 total_blobs=18805, nmethods=17450, adapters=1253, full_count=0
Compilation: enabled, stopped_count=0, restarted_count=0

Compilation events (20 events):
Event: 6258.607 Thread 0x000002497b5513d0 50647       4       org.eclipse.swt.graphics.Rectangle$OfFloat::getY (11 bytes)
Event: 6258.607 Thread 0x000002497b5513d0 nmethod 50647 0x000002490811c208 code [0x000002490811c300, 0x000002490811c388]
Event: 6258.607 Thread 0x000002497b5513d0 50646       4       org.eclipse.swt.graphics.Point$OfFloat::setY (24 bytes)
Event: 6258.608 Thread 0x000002497b5513d0 nmethod 50646 0x0000024908131d88 code [0x0000024908131e80, 0x0000024908132010]
Event: 6258.714 Thread 0x000002497b551fe0 50648   !   3       org.eclipse.jface.text.source.inlined.InlinedAnnotationSupport$VisibleLines::getExclusiveBottomIndexEndOffset (105 bytes)
Event: 6258.874 Thread 0x000002497b5513d0 50651       4       java.lang.ref.Reference::refersTo (6 bytes)
Event: 6258.874 Thread 0x000002497b5513d0 nmethod 50651 0x0000024908137688 code [0x0000024908137780, 0x0000024908137820]
Event: 6258.876 Thread 0x000002497b551fe0 nmethod 50648 0x0000024900b7f188 code [0x0000024900b7f2a0, 0x0000024900b80480]
Event: 6258.920 Thread 0x000002497b551fe0 50652       3       org.eclipse.swt.graphics.Image$ImageHandleManager::destroyHandles (22 bytes)
Event: 6258.921 Thread 0x000002497b551fe0 nmethod 50652 0x00000249012f4788 code [0x00000249012f4880, 0x00000249012f4f88]
Event: 6258.921 Thread 0x000002497b551fe0 50653       3       org.eclipse.swt.graphics.Image$ImageHandleManager$$Lambda/0x00000000372be4b0::<init> (10 bytes)
Event: 6258.921 Thread 0x000002497b551fe0 nmethod 50653 0x0000024900b94d88 code [0x0000024900b94e80, 0x0000024900b95030]
Event: 6258.935 Thread 0x000002497b551fe0 50654       3       org.eclipse.swt.graphics.Image::destroyHandlesExcept (15 bytes)
Event: 6258.937 Thread 0x000002497b551fe0 nmethod 50654 0x000002490134fe88 code [0x000002490134ff80, 0x0000024901350b98]
Event: 6258.937 Thread 0x000002497b551fe0 50655       3       org.eclipse.swt.graphics.Image$$Lambda/0x00000000382f8b00::<init> (15 bytes)
Event: 6258.937 Thread 0x000002497b551fe0 nmethod 50655 0x0000024900e0a808 code [0x0000024900e0a900, 0x0000024900e0ab20]
Event: 6258.937 Thread 0x000002497b551fe0 50656       3       org.eclipse.swt.graphics.Image$$Lambda/0x00000000382f8b00::test (16 bytes)
Event: 6258.939 Thread 0x000002497b551fe0 nmethod 50656 0x0000024900e37f88 code [0x0000024900e38080, 0x0000024900e385a8]
Event: 6259.033 Thread 0x000002497b5513d0 50657       4       java.lang.Module::allows (60 bytes)
Event: 6259.046 Thread 0x000002497b5513d0 nmethod 50657 0x0000024907f86f08 code [0x0000024907f87000, 0x0000024907f87760]

GC Heap Usage History (20 events):
Event: 5570.639 {heap Before GC invocations=138 (full 0):
 garbage-first heap   total reserved 2029568K, committed 807936K, used 712313K [0x0000000084200000, 0x0000000100000000)
  region size 1024K, 470 young (481280K), 8 survivors (8192K)
}
Event: 5570.657 {heap After GC invocations=139 (full 0):
 garbage-first heap   total reserved 2029568K, committed 807936K, used 195933K [0x0000000084200000, 0x0000000100000000)
  region size 1024K, 10 young (10240K), 10 survivors (10240K)
}
Event: 5570.934 {heap Before GC invocations=139 (full 0):
 garbage-first heap   total reserved 2029568K, committed 807936K, used 685405K [0x0000000084200000, 0x0000000100000000)
  region size 1024K, 473 young (484352K), 10 survivors (10240K)
}
Event: 5570.953 {heap After GC invocations=140 (full 0):
 garbage-first heap   total reserved 2029568K, committed 807936K, used 187071K [0x0000000084200000, 0x0000000100000000)
  region size 1024K, 11 young (11264K), 11 survivors (11264K)
}
Event: 5570.988 {heap Before GC invocations=140 (full 0):
 garbage-first heap   total reserved 2029568K, committed 807936K, used 205503K [0x0000000084200000, 0x0000000100000000)
  region size 1024K, 30 young (30720K), 11 survivors (11264K)
}
Event: 5570.996 {heap After GC invocations=141 (full 0):
 garbage-first heap   total reserved 2029568K, committed 964608K, used 186075K [0x0000000084200000, 0x0000000100000000)
  region size 1024K, 10 young (10240K), 10 survivors (10240K)
}
Event: 5579.757 {heap Before GC invocations=142 (full 0):
 garbage-first heap   total reserved 2029568K, committed 731136K, used 728795K [0x0000000084200000, 0x0000000100000000)
  region size 1024K, 365 young (373760K), 10 survivors (10240K)
}
Event: 5579.769 {heap After GC invocations=143 (full 0):
 garbage-first heap   total reserved 2029568K, committed 742400K, used 186301K [0x0000000084200000, 0x0000000100000000)
  region size 1024K, 11 young (11264K), 11 survivors (11264K)
}
Event: 5582.243 {heap Before GC invocations=143 (full 0):
 garbage-first heap   total reserved 2029568K, committed 742400K, used 668605K [0x0000000084200000, 0x0000000100000000)
  region size 1024K, 435 young (445440K), 11 survivors (11264K)
}
Event: 5582.284 {heap After GC invocations=144 (full 0):
 garbage-first heap   total reserved 2029568K, committed 742400K, used 225641K [0x0000000084200000, 0x0000000100000000)
  region size 1024K, 45 young (46080K), 45 survivors (46080K)
}
Event: 5582.385 {heap Before GC invocations=144 (full 0):
 garbage-first heap   total reserved 2029568K, committed 742400K, used 329065K [0x0000000084200000, 0x0000000100000000)
  region size 1024K, 147 young (150528K), 45 survivors (46080K)
}
Event: 5582.416 {heap After GC invocations=145 (full 0):
 garbage-first heap   total reserved 2029568K, committed 742400K, used 227330K [0x0000000084200000, 0x0000000100000000)
  region size 1024K, 5 young (5120K), 5 survivors (5120K)
}
Event: 5583.028 {heap Before GC invocations=146 (full 0):
 garbage-first heap   total reserved 2029568K, committed 727040K, used 650242K [0x0000000084200000, 0x0000000100000000)
  region size 1024K, 426 young (436224K), 5 survivors (5120K)
}
Event: 5583.035 {heap After GC invocations=147 (full 0):
 garbage-first heap   total reserved 2029568K, committed 727040K, used 221685K [0x0000000084200000, 0x0000000100000000)
  region size 1024K, 9 young (9216K), 9 survivors (9216K)
}
Event: 5638.952 {heap Before GC invocations=147 (full 0):
 garbage-first heap   total reserved 2029568K, committed 727040K, used 679413K [0x0000000084200000, 0x0000000100000000)
  region size 1024K, 426 young (436224K), 9 survivors (9216K)
}
Event: 5638.976 {heap After GC invocations=148 (full 0):
 garbage-first heap   total reserved 2029568K, committed 727040K, used 215693K [0x0000000084200000, 0x0000000100000000)
  region size 1024K, 12 young (12288K), 12 survivors (12288K)
}
Event: 5718.755 {heap Before GC invocations=148 (full 0):
 garbage-first heap   total reserved 2029568K, committed 727040K, used 441997K [0x0000000084200000, 0x0000000100000000)
  region size 1024K, 234 young (239616K), 12 survivors (12288K)
}
Event: 5718.768 {heap After GC invocations=149 (full 0):
 garbage-first heap   total reserved 2029568K, committed 727040K, used 214393K [0x0000000084200000, 0x0000000100000000)
  region size 1024K, 10 young (10240K), 10 survivors (10240K)
}
Event: 5805.794 {heap Before GC invocations=150 (full 0):
 garbage-first heap   total reserved 2029568K, committed 679936K, used 638329K [0x0000000084200000, 0x0000000100000000)
  region size 1024K, 398 young (407552K), 10 survivors (10240K)
}
Event: 5805.811 {heap After GC invocations=151 (full 0):
 garbage-first heap   total reserved 2029568K, committed 679936K, used 200618K [0x0000000084200000, 0x0000000100000000)
  region size 1024K, 12 young (12288K), 12 survivors (12288K)
}

Metaspace Usage History (20 events):
Event: 5570.639 {metaspace Before GC invocations=138 (full 0):
 Metaspace       used 153770K, committed 157248K, reserved 1245184K
  class space    used 18374K, committed 19840K, reserved 1048576K
}
Event: 5570.657 {metaspace After GC invocations=139 (full 0):
 Metaspace       used 153770K, committed 157248K, reserved 1245184K
  class space    used 18374K, committed 19840K, reserved 1048576K
}
Event: 5570.934 {metaspace Before GC invocations=139 (full 0):
 Metaspace       used 153778K, committed 157248K, reserved 1245184K
  class space    used 18374K, committed 19840K, reserved 1048576K
}
Event: 5570.953 {metaspace After GC invocations=140 (full 0):
 Metaspace       used 153778K, committed 157248K, reserved 1245184K
  class space    used 18374K, committed 19840K, reserved 1048576K
}
Event: 5570.988 {metaspace Before GC invocations=140 (full 0):
 Metaspace       used 153778K, committed 157248K, reserved 1245184K
  class space    used 18374K, committed 19840K, reserved 1048576K
}
Event: 5570.996 {metaspace After GC invocations=141 (full 0):
 Metaspace       used 153778K, committed 157248K, reserved 1245184K
  class space    used 18374K, committed 19840K, reserved 1048576K
}
Event: 5579.757 {metaspace Before GC invocations=142 (full 0):
 Metaspace       used 153855K, committed 157248K, reserved 1245184K
  class space    used 18374K, committed 19840K, reserved 1048576K
}
Event: 5579.769 {metaspace After GC invocations=143 (full 0):
 Metaspace       used 153855K, committed 157248K, reserved 1245184K
  class space    used 18374K, committed 19840K, reserved 1048576K
}
Event: 5582.243 {metaspace Before GC invocations=143 (full 0):
 Metaspace       used 154281K, committed 157568K, reserved 1245184K
  class space    used 18412K, committed 19840K, reserved 1048576K
}
Event: 5582.284 {metaspace After GC invocations=144 (full 0):
 Metaspace       used 154281K, committed 157568K, reserved 1245184K
  class space    used 18412K, committed 19840K, reserved 1048576K
}
Event: 5582.385 {metaspace Before GC invocations=144 (full 0):
 Metaspace       used 154281K, committed 157568K, reserved 1245184K
  class space    used 18412K, committed 19840K, reserved 1048576K
}
Event: 5582.416 {metaspace After GC invocations=145 (full 0):
 Metaspace       used 154281K, committed 157568K, reserved 1245184K
  class space    used 18412K, committed 19840K, reserved 1048576K
}
Event: 5583.028 {metaspace Before GC invocations=146 (full 0):
 Metaspace       used 153969K, committed 157376K, reserved 1245184K
  class space    used 18378K, committed 19840K, reserved 1048576K
}
Event: 5583.035 {metaspace After GC invocations=147 (full 0):
 Metaspace       used 153969K, committed 157376K, reserved 1245184K
  class space    used 18378K, committed 19840K, reserved 1048576K
}
Event: 5638.952 {metaspace Before GC invocations=147 (full 0):
 Metaspace       used 154171K, committed 157504K, reserved 1245184K
  class space    used 18384K, committed 19840K, reserved 1048576K
}
Event: 5638.976 {metaspace After GC invocations=148 (full 0):
 Metaspace       used 154171K, committed 157504K, reserved 1245184K
  class space    used 18384K, committed 19840K, reserved 1048576K
}
Event: 5718.755 {metaspace Before GC invocations=148 (full 0):
 Metaspace       used 154258K, committed 157632K, reserved 1245184K
  class space    used 18384K, committed 19840K, reserved 1048576K
}
Event: 5718.768 {metaspace After GC invocations=149 (full 0):
 Metaspace       used 154258K, committed 157632K, reserved 1245184K
  class space    used 18384K, committed 19840K, reserved 1048576K
}
Event: 5805.794 {metaspace Before GC invocations=150 (full 0):
 Metaspace       used 154362K, committed 157760K, reserved 1245184K
  class space    used 18386K, committed 19840K, reserved 1048576K
}
Event: 5805.811 {metaspace After GC invocations=151 (full 0):
 Metaspace       used 154362K, committed 157760K, reserved 1245184K
  class space    used 18386K, committed 19840K, reserved 1048576K
}

Dll operation events (18 events):
Event: 0.035 Loaded shared library C:\Users\altaf\Desktop\LMS\sts-5.1.1.RELEASE\plugins\org.eclipse.justj.openjdk.hotspot.jre.full.win32.x86_64_25.0.2.v20260203-1141\jre\bin\java.dll
Event: 0.227 Loaded shared library C:\Users\altaf\Desktop\LMS\sts-5.1.1.RELEASE\plugins\org.eclipse.justj.openjdk.hotspot.jre.full.win32.x86_64_25.0.2.v20260203-1141\jre\bin\zip.dll
Event: 0.292 Loaded shared library C:\Users\altaf\Desktop\LMS\sts-5.1.1.RELEASE\plugins\org.eclipse.justj.openjdk.hotspot.jre.full.win32.x86_64_25.0.2.v20260203-1141\jre\bin\net.dll
Event: 0.299 Loaded shared library C:\Users\altaf\Desktop\LMS\sts-5.1.1.RELEASE\plugins\org.eclipse.justj.openjdk.hotspot.jre.full.win32.x86_64_25.0.2.v20260203-1141\jre\bin\nio.dll
Event: 0.361 Loaded shared library C:\Users\altaf\Desktop\LMS\sts-5.1.1.RELEASE\plugins\org.eclipse.justj.openjdk.hotspot.jre.full.win32.x86_64_25.0.2.v20260203-1141\jre\bin\zip.dll
Event: 0.762 Loaded shared library C:\Users\altaf\Desktop\LMS\sts-5.1.1.RELEASE\plugins\org.eclipse.justj.openjdk.hotspot.jre.full.win32.x86_64_25.0.2.v20260203-1141\jre\bin\jimage.dll
Event: 39.717 Loaded shared library C:\Users\altaf\Desktop\LMS\sts-5.1.1.RELEASE\plugins\org.eclipse.justj.openjdk.hotspot.jre.full.win32.x86_64_25.0.2.v20260203-1141\jre\bin\sunmscapi.dll
Event: 42.280 Loaded shared library C:\Users\altaf\Desktop\LMS\sts-5.1.1.RELEASE\plugins\org.eclipse.justj.openjdk.hotspot.jre.full.win32.x86_64_25.0.2.v20260203-1141\jre\bin\verify.dll
Event: 45.937 Loaded shared library C:\Users\altaf\AppData\Local\Temp\jna-92913550\jna8925413632113871421.dll
Event: 49.409 Loaded shared library C:\Users\altaf\Desktop\LMS\sts-5.1.1.RELEASE\configuration\org.eclipse.osgi\452\0\.cp\swt-osversion-win32-4972r7.dll
Event: 49.731 Loaded shared library C:\Users\altaf\Desktop\LMS\sts-5.1.1.RELEASE\configuration\org.eclipse.osgi\452\0\.cp\swt-win32-4972r7.dll
Event: 50.048 Loaded shared library C:\Users\altaf\Desktop\LMS\sts-5.1.1.RELEASE\configuration\org.eclipse.osgi\452\0\.cp\swt-gdip-win32-4972r7.dll
Event: 51.214 Loaded shared library C:\Users\altaf\Desktop\LMS\sts-5.1.1.RELEASE\plugins\org.eclipse.justj.openjdk.hotspot.jre.full.win32.x86_64_25.0.2.v20260203-1141\jre\bin\awt.dll
Event: 52.154 Loaded shared library C:\Users\altaf\Desktop\LMS\sts-5.1.1.RELEASE\plugins\org.eclipse.justj.openjdk.hotspot.jre.full.win32.x86_64_25.0.2.v20260203-1141\jre\bin\mlib_image.dll
Event: 1307.107 Loaded shared library C:\Users\altaf\Desktop\LMS\sts-5.1.1.RELEASE\plugins\org.eclipse.justj.openjdk.hotspot.jre.full.win32.x86_64_25.0.2.v20260203-1141\jre\bin\freetype.dll
Event: 1307.303 Loaded shared library C:\Users\altaf\Desktop\LMS\sts-5.1.1.RELEASE\plugins\org.eclipse.justj.openjdk.hotspot.jre.full.win32.x86_64_25.0.2.v20260203-1141\jre\bin\fontmanager.dll
Event: 3171.951 Loaded shared library C:\Users\altaf\Desktop\LMS\sts-5.1.1.RELEASE\plugins\org.eclipse.justj.openjdk.hotspot.jre.full.win32.x86_64_25.0.2.v20260203-1141\jre\bin\extnet.dll
Event: 3187.067 Loaded shared library C:\Users\altaf\Desktop\LMS\sts-5.1.1.RELEASE\plugins\org.eclipse.justj.openjdk.hotspot.jre.full.win32.x86_64_25.0.2.v20260203-1141\jre\bin\rmi.dll

Deoptimization events (20 events):
Event: 5633.716 Thread 0x000002496ff8bd10 DEOPT PACKING pc=0x00000249021120d5 sp=0x00000077ba98df60
Event: 5633.716 Thread 0x000002496ff8bd10 DEOPT UNPACKING pc=0x00000249075812a2 sp=0x00000077ba98d438 mode 0
Event: 5705.134 Thread 0x000002496ff8bd10 DEOPT PACKING pc=0x00000249021120d5 sp=0x00000077ba98df80
Event: 5705.134 Thread 0x000002496ff8bd10 DEOPT UNPACKING pc=0x00000249075812a2 sp=0x00000077ba98d458 mode 0
Event: 5705.137 Thread 0x00000249237f7850 Uncommon trap: trap_request=0xffffff66 fr.pc=0x0000024908e52884 relative=0x0000000000001804
Event: 5705.137 Thread 0x00000249237f7850 Uncommon trap: reason=loop_limit_check action=maybe_recompile pc=0x0000024908e52884 method=org.eclipse.jdt.internal.compiler.lookup.BinaryTypeBinding.getMethods([C)[Lorg/eclipse/jdt/internal/compiler/lookup/MethodBinding; @ 227 c2
Event: 5705.137 Thread 0x00000249237f7850 DEOPT PACKING pc=0x0000024908e52884 sp=0x00000077be8fe660
Event: 5705.137 Thread 0x00000249237f7850 DEOPT UNPACKING pc=0x000002490765f482 sp=0x00000077be8fe4a8 mode 2
Event: 5758.791 Thread 0x000002496ff8bd10 DEOPT PACKING pc=0x00000249021120d5 sp=0x00000077ba98df80
Event: 5758.791 Thread 0x000002496ff8bd10 DEOPT UNPACKING pc=0x00000249075812a2 sp=0x00000077ba98d458 mode 0
Event: 5792.875 Thread 0x000002496ff8bd10 DEOPT PACKING pc=0x000002490022ade3 sp=0x00000077ba98dc40
Event: 5792.875 Thread 0x000002496ff8bd10 DEOPT UNPACKING pc=0x00000249075812a2 sp=0x00000077ba98d118 mode 0
Event: 6258.279 Thread 0x000002496ff8bd10 Uncommon trap: trap_request=0xffffff45 fr.pc=0x0000024908486024 relative=0x0000000000000904
Event: 6258.281 Thread 0x000002496ff8bd10 Uncommon trap: reason=unstable_if action=reinterpret pc=0x0000024908486024 method=org.eclipse.swt.internal.Win32DPIUtils.pixelToPoint(Lorg/eclipse/swt/graphics/Rectangle;ILorg/eclipse/swt/graphics/RoundingMode;)Lorg/eclipse/swt/graphics/Rectangle; @ 3 c2
Event: 6258.284 Thread 0x000002496ff8bd10 DEOPT PACKING pc=0x0000024908486024 sp=0x00000077ba98dc30
Event: 6258.285 Thread 0x000002496ff8bd10 DEOPT UNPACKING pc=0x000002490765f482 sp=0x00000077ba98dba8 mode 2
Event: 6258.426 Thread 0x000002496ff8bd10 Uncommon trap: trap_request=0xffffff45 fr.pc=0x0000024907f3fad0 relative=0x0000000000000330
Event: 6258.427 Thread 0x000002496ff8bd10 Uncommon trap: reason=unstable_if action=reinterpret pc=0x0000024907f3fad0 method=org.eclipse.swt.internal.DPIUtil.pixelToPoint(II)I @ 3 c2
Event: 6258.427 Thread 0x000002496ff8bd10 DEOPT PACKING pc=0x0000024907f3fad0 sp=0x00000077ba9854f0
Event: 6258.429 Thread 0x000002496ff8bd10 DEOPT UNPACKING pc=0x000002490765f482 sp=0x00000077ba9853f0 mode 2

Classes loaded (20 events):
Event: 6258.884 Loading class java/awt/EventDispatchThread$1 done
Event: 6258.884 Loading class java/awt/EventDispatchThread$HierarchyEventFilter
Event: 6258.887 Loading class sun/awt/PeerEvent done
Event: 6258.888 Loading class sun/awt/EventQueueItem
Event: 6258.893 Loading class sun/awt/EventQueueItem done
Event: 6258.901 Loading class java/awt/EventFilter
Event: 6258.904 Loading class java/awt/EventFilter done
Event: 6258.904 Loading class java/awt/EventDispatchThread$HierarchyEventFilter done
Event: 6258.906 Loading class java/awt/ModalEventFilter
Event: 6258.928 Loading class java/awt/ModalEventFilter done
Event: 6258.929 Loading class java/awt/EventFilter$FilterAction
Event: 6258.934 Loading class java/awt/EventFilter$FilterAction done
Event: 6258.937 Loading class sun/awt/dnd/SunDragSourceContextPeer
Event: 6259.023 Loading class java/awt/dnd/peer/DragSourceContextPeer
Event: 6259.025 Loading class java/awt/dnd/peer/DragSourceContextPeer done
Event: 6259.026 Loading class sun/awt/dnd/SunDragSourceContextPeer done
Event: 6259.028 Loading class java/awt/event/InputMethodEvent
Event: 6259.059 Loading class java/awt/event/InputMethodEvent done
Event: 6259.060 Loading class java/awt/event/ActionEvent
Event: 6259.075 Loading class java/awt/event/ActionEvent done

Classes unloaded (20 events):
Event: 5582.609 Thread 0x000002497b523eb0 Unloading class 0x0000000038360320 'org/apache/maven/shared/filtering/MavenReaderFilterRequest'
Event: 5582.609 Thread 0x000002497b523eb0 Unloading class 0x0000000038360000 'org/apache/maven/shared/filtering/MavenFileFilterRequest'
Event: 5582.609 Thread 0x000002497b523eb0 Unloading class 0x000000003835bb20 'org/codehaus/plexus/interpolation/Interpolator'
Event: 5582.609 Thread 0x000002497b523eb0 Unloading class 0x000000003835b918 'org/codehaus/plexus/interpolation/BasicInterpolator'
Event: 5582.609 Thread 0x000002497b523eb0 Unloading class 0x000000003835b710 'org/codehaus/plexus/interpolation/ValueSource'
Event: 5582.609 Thread 0x000002497b523eb0 Unloading class 0x000000003835b348 'org/apache/maven/shared/filtering/MavenResourcesExecution'
Event: 5582.609 Thread 0x000002497b523eb0 Unloading class 0x000000003835b068 'org/apache/maven/shared/filtering/AbstractMavenFilteringRequest'
Event: 5582.609 Thread 0x000002497b523eb0 Unloading class 0x000000003835ae00 'org/apache/maven/shared/filtering/MavenFilteringException'
Event: 5582.609 Thread 0x000002497b523eb0 Unloading class 0x000000003835aba8 'org/apache/maven/shared/filtering/DefaultMavenResourcesFiltering'
Event: 5582.609 Thread 0x000002497b523eb0 Unloading class 0x000000003835a9a0 'org/apache/maven/shared/filtering/MavenResourcesFiltering'
Event: 5582.609 Thread 0x000002497b523eb0 Unloading class 0x000000003835a708 'org/apache/maven/shared/filtering/DefaultMavenReaderFilter'
Event: 5582.609 Thread 0x000002497b523eb0 Unloading class 0x000000003835a500 'org/apache/maven/shared/filtering/MavenReaderFilter'
Event: 5582.609 Thread 0x000002497b523eb0 Unloading class 0x000000003835a258 'org/apache/maven/shared/filtering/DefaultMavenFileFilter'
Event: 5582.609 Thread 0x000002497b523eb0 Unloading class 0x000000003835a000 'org/apache/maven/shared/filtering/BaseFilter'
Event: 5582.609 Thread 0x000002497b523eb0 Unloading class 0x0000000038359dd0 'org/apache/maven/shared/filtering/MavenFileFilter'
Event: 5582.609 Thread 0x000002497b523eb0 Unloading class 0x0000000038359bc8 'org/apache/maven/shared/filtering/DefaultFilterInfo'
Event: 5582.609 Thread 0x000002497b523eb0 Unloading class 0x00000000383598b0 'org/apache/maven/plugins/resources/TestResourcesMojo'
Event: 5582.609 Thread 0x000002497b523eb0 Unloading class 0x0000000038359628 'org/apache/maven/plugins/maven_resources_plugin/HelpMojo'
Event: 5582.609 Thread 0x000002497b523eb0 Unloading class 0x0000000038359310 'org/apache/maven/plugins/resources/CopyResourcesMojo'
Event: 5582.609 Thread 0x000002497b523eb0 Unloading class 0x0000000038359000 'org/apache/maven/plugins/resources/ResourcesMojo'

Classes redefined (0 events):
No events

Internal exceptions (20 events):
Event: 6001.389 Thread 0x000002492e461fb0 Exception <a 'java/net/ConnectException'{0x00000000ac126b38}: Connection refused: connect> (0x00000000ac126b38) 
thrown [s\src\hotspot\share\prims\jni.cpp, line 534]
Event: 6001.391 Thread 0x000002492e461fb0 Exception <a 'java/net/ConnectException'{0x00000000ac1278d0}: Connection refused: connect> (0x00000000ac1278d0) 
thrown [s\src\hotspot\share\prims\jni.cpp, line 534]
Event: 6001.392 Thread 0x000002492e461fb0 Exception <a 'java/net/ConnectException'{0x00000000ac128670}: Connection refused: connect> (0x00000000ac128670) 
thrown [s\src\hotspot\share\prims\jni.cpp, line 534]
Event: 6002.392 Thread 0x000002492e461fb0 Exception <a 'java/net/ConnectException'{0x00000000ac129410}: Connection refused: connect> (0x00000000ac129410) 
thrown [s\src\hotspot\share\prims\jni.cpp, line 534]
Event: 6005.152 Thread 0x000002492ed57060 Exception <a 'java/net/ConnectException'{0x00000000ac1138a8}: Connection refused: connect> (0x00000000ac1138a8) 
thrown [s\src\hotspot\share\prims\jni.cpp, line 534]
Event: 6005.152 Thread 0x000002492ed57060 Exception <a 'java/net/ConnectException'{0x00000000ac114648}: Connection refused: connect> (0x00000000ac114648) 
thrown [s\src\hotspot\share\prims\jni.cpp, line 534]
Event: 6005.155 Thread 0x000002492ed57060 Exception <a 'java/net/ConnectException'{0x00000000ac1153e0}: Connection refused: connect> (0x00000000ac1153e0) 
thrown [s\src\hotspot\share\prims\jni.cpp, line 534]
Event: 6005.155 Thread 0x000002492ed57060 Exception <a 'java/net/ConnectException'{0x00000000ac116180}: Connection refused: connect> (0x00000000ac116180) 
thrown [s\src\hotspot\share\prims\jni.cpp, line 534]
Event: 6006.157 Thread 0x000002492ed57060 Exception <a 'java/net/ConnectException'{0x00000000ac116f18}: Connection refused: connect> (0x00000000ac116f18) 
thrown [s\src\hotspot\share\prims\jni.cpp, line 534]
Event: 6006.157 Thread 0x000002492ed57060 Exception <a 'java/net/ConnectException'{0x00000000ac117cb8}: Connection refused: connect> (0x00000000ac117cb8) 
thrown [s\src\hotspot\share\prims\jni.cpp, line 534]
Event: 6009.265 Thread 0x00000249247a0070 Exception <a 'java/net/ConnectException'{0x00000000ac101538}: Connection refused: connect> (0x00000000ac101538) 
thrown [s\src\hotspot\share\prims\jni.cpp, line 534]
Event: 6009.266 Thread 0x00000249247a0070 Exception <a 'java/net/ConnectException'{0x00000000ac1022d8}: Connection refused: connect> (0x00000000ac1022d8) 
thrown [s\src\hotspot\share\prims\jni.cpp, line 534]
Event: 6009.268 Thread 0x00000249247a0070 Exception <a 'java/net/ConnectException'{0x00000000ac103070}: Connection refused: connect> (0x00000000ac103070) 
thrown [s\src\hotspot\share\prims\jni.cpp, line 534]
Event: 6009.268 Thread 0x00000249247a0070 Exception <a 'java/net/ConnectException'{0x00000000ac103e10}: Connection refused: connect> (0x00000000ac103e10) 
thrown [s\src\hotspot\share\prims\jni.cpp, line 534]
Event: 6010.269 Thread 0x00000249247a0070 Exception <a 'java/net/ConnectException'{0x00000000ac104bb0}: Connection refused: connect> (0x00000000ac104bb0) 
thrown [s\src\hotspot\share\prims\jni.cpp, line 534]
Event: 6024.258 Thread 0x000002492328dd60 Exception <a 'java/net/ConnectException'{0x00000000fffe5220}: Connection refused: connect> (0x00000000fffe5220) 
thrown [s\src\hotspot\share\prims\jni.cpp, line 534]
Event: 6024.260 Thread 0x000002492328dd60 Exception <a 'java/net/ConnectException'{0x00000000fffe5fb8}: Connection refused: connect> (0x00000000fffe5fb8) 
thrown [s\src\hotspot\share\prims\jni.cpp, line 534]
Event: 6024.260 Thread 0x000002492328dd60 Exception <a 'java/net/ConnectException'{0x00000000fffe6d58}: Connection refused: connect> (0x00000000fffe6d58) 
thrown [s\src\hotspot\share\prims\jni.cpp, line 534]
Event: 6024.263 Thread 0x000002492328dd60 Exception <a 'java/net/ConnectException'{0x00000000fffe7af0}: Connection refused: connect> (0x00000000fffe7af0) 
thrown [s\src\hotspot\share\prims\jni.cpp, line 534]
Event: 6024.264 Thread 0x000002492328dd60 Exception <a 'java/net/ConnectException'{0x00000000fffe8890}: Connection refused: connect> (0x00000000fffe8890) 
thrown [s\src\hotspot\share\prims\jni.cpp, line 534]

VM Operations (20 events):
Event: 6012.212 Executing non-safepoint VM operation: HandshakeAllThreads (HandshakeForDeflation)
Event: 6012.213 Executing non-safepoint VM operation: HandshakeAllThreads (HandshakeForDeflation) done
Event: 6012.213 Executing non-safepoint VM operation: RendezvousGCThreads
Event: 6012.213 Executing non-safepoint VM operation: RendezvousGCThreads done
Event: 6072.320 Executing non-safepoint VM operation: HandshakeAllThreads (HandshakeForDeflation)
Event: 6072.321 Executing non-safepoint VM operation: HandshakeAllThreads (HandshakeForDeflation) done
Event: 6072.321 Executing non-safepoint VM operation: RendezvousGCThreads
Event: 6072.321 Executing non-safepoint VM operation: RendezvousGCThreads done
Event: 6132.436 Executing non-safepoint VM operation: HandshakeAllThreads (HandshakeForDeflation)
Event: 6132.437 Executing non-safepoint VM operation: HandshakeAllThreads (HandshakeForDeflation) done
Event: 6132.437 Executing non-safepoint VM operation: RendezvousGCThreads
Event: 6132.437 Executing non-safepoint VM operation: RendezvousGCThreads done
Event: 6192.556 Executing non-safepoint VM operation: HandshakeAllThreads (HandshakeForDeflation)
Event: 6192.556 Executing non-safepoint VM operation: HandshakeAllThreads (HandshakeForDeflation) done
Event: 6192.556 Executing non-safepoint VM operation: RendezvousGCThreads
Event: 6192.556 Executing non-safepoint VM operation: RendezvousGCThreads done
Event: 6252.674 Executing non-safepoint VM operation: HandshakeAllThreads (HandshakeForDeflation)
Event: 6252.674 Executing non-safepoint VM operation: HandshakeAllThreads (HandshakeForDeflation) done
Event: 6252.675 Executing non-safepoint VM operation: RendezvousGCThreads
Event: 6252.675 Executing non-safepoint VM operation: RendezvousGCThreads done

Memory protections (0 events):
No events

Nmethod flushes (20 events):
Event: 5718.941 Thread 0x000002497b523eb0 flushing  nmethod 0x00000249019f8208
Event: 5718.941 Thread 0x000002497b523eb0 flushing  nmethod 0x00000249019f9208
Event: 5718.941 Thread 0x000002497b523eb0 flushing  nmethod 0x0000024901a1c888
Event: 5718.941 Thread 0x000002497b523eb0 flushing  nmethod 0x0000024901a1fa08
Event: 5718.941 Thread 0x000002497b523eb0 flushing  nmethod 0x0000024901a21d08
Event: 5718.941 Thread 0x000002497b523eb0 flushing  nmethod 0x0000024901a24a08
Event: 5718.941 Thread 0x000002497b523eb0 flushing  nmethod 0x0000024901a25b88
Event: 5718.941 Thread 0x000002497b523eb0 flushing  nmethod 0x0000024901ae5008
Event: 5718.941 Thread 0x000002497b523eb0 flushing  nmethod 0x0000024901aea688
Event: 5718.941 Thread 0x000002497b523eb0 flushing  nmethod 0x0000024901ce9108
Event: 5718.941 Thread 0x000002497b523eb0 flushing  nmethod 0x0000024901d41488
Event: 5718.941 Thread 0x000002497b523eb0 flushing  nmethod 0x0000024901d57a08
Event: 5718.941 Thread 0x000002497b523eb0 flushing  nmethod 0x0000024901ff3b08
Event: 5718.941 Thread 0x000002497b523eb0 flushing  nmethod 0x00000249020bfb08
Event: 5718.941 Thread 0x000002497b523eb0 flushing  nmethod 0x00000249020c3b08
Event: 5718.941 Thread 0x000002497b523eb0 flushing  nmethod 0x00000249020de208
Event: 5718.941 Thread 0x000002497b523eb0 flushing  nmethod 0x00000249020e0408
Event: 5718.941 Thread 0x000002497b523eb0 flushing  nmethod 0x00000249020e0b88
Event: 5718.941 Thread 0x000002497b523eb0 flushing  nmethod 0x00000249020e3688
Event: 5718.941 Thread 0x000002497b523eb0 flushing  nmethod 0x0000024902119808

Events (20 events):
Event: 5865.117 Thread 0x000002492323c7d0 Thread exited: 0x000002492323c7d0
Event: 5865.130 Thread 0x000002492323b060 Thread exited: 0x000002492323b060
Event: 5865.244 Thread 0x000002492323b830 Thread exited: 0x000002492323b830
Event: 5871.367 Thread 0x000002492ed5a710 Thread exited: 0x000002492ed5a710
Event: 5882.781 Thread 0x000002492cda2fc0 Thread exited: 0x000002492cda2fc0
Event: 5882.796 Thread 0x000002492cda3790 Thread exited: 0x000002492cda3790
Event: 5882.812 Thread 0x00000249163bdea0 Thread exited: 0x00000249163bdea0
Event: 5882.828 Thread 0x0000024923631890 Thread exited: 0x0000024923631890
Event: 5884.695 Thread 0x000002492cc66e50 Thread exited: 0x000002492cc66e50
Event: 5919.833 Thread 0x00000249247a3720 Thread exited: 0x00000249247a3720
Event: 5957.607 Thread 0x00000249247a17e0 Thread exited: 0x00000249247a17e0
Event: 5957.627 Thread 0x0000024923a404a0 Thread exited: 0x0000024923a404a0
Event: 5957.647 Thread 0x0000024923a3d5c0 Thread exited: 0x0000024923a3d5c0
Event: 6002.393 Thread 0x000002492e461fb0 Thread exited: 0x000002492e461fb0
Event: 6006.161 Thread 0x000002492ed57060 Thread exited: 0x000002492ed57060
Event: 6010.270 Thread 0x00000249247a0070 Thread exited: 0x00000249247a0070
Event: 6024.264 Thread 0x000002492328dd60 Thread exited: 0x000002492328dd60
Event: 6040.599 Thread 0x0000024924e67b70 Thread exited: 0x0000024924e67b70
Event: 6257.856 Thread 0x00000249153260b0 Thread added: 0x000002492f392a90
Event: 6258.875 Thread 0x00000249153260b0 Thread added: 0x00000249247fd6d0


Dynamic libraries:
0x00007ff746fa0000 - 0x00007ff747029000 	C:\Users\altaf\Desktop\LMS\sts-5.1.1.RELEASE\SpringToolsForEclipse.exe
0x00007fffa48d0000 - 0x00007fffa4ae7000 	C:\WINDOWS\SYSTEM32\ntdll.dll
0x00007fffa3720000 - 0x00007fffa37e4000 	C:\WINDOWS\System32\KERNEL32.DLL
0x00007fffa1dc0000 - 0x00007fffa2192000 	C:\WINDOWS\System32\KERNELBASE.dll
0x00007fffa31a0000 - 0x00007fffa3351000 	C:\WINDOWS\System32\USER32.dll
0x00007fffa2500000 - 0x00007fffa2526000 	C:\WINDOWS\System32\win32u.dll
0x00007fffa30f0000 - 0x00007fffa3119000 	C:\WINDOWS\System32\GDI32.dll
0x00007fffa2260000 - 0x00007fffa2383000 	C:\WINDOWS\System32\gdi32full.dll
0x00007fffa1990000 - 0x00007fffa1a2a000 	C:\WINDOWS\System32\msvcp_win.dll
0x00007fffa1ca0000 - 0x00007fffa1db1000 	C:\WINDOWS\System32\ucrtbase.dll
0x00007fff8b4d0000 - 0x00007fff8b76b000 	C:\WINDOWS\WinSxS\amd64_microsoft.windows.common-controls_6595b64144ccf1df_6.0.22621.5415_none_270d77d17387d7da\COMCTL32.dll
0x00007fffa2770000 - 0x00007fffa2817000 	C:\WINDOWS\System32\msvcrt.dll
0x00007fffa34c0000 - 0x00007fffa34f1000 	C:\WINDOWS\System32\IMM32.DLL
0x00007fff502c0000 - 0x00007fff50305000 	C:\Users\altaf\Desktop\LMS\sts-5.1.1.RELEASE\plugins\org.eclipse.equinox.launcher.win32.win32.x86_64_1.3.0.v20260203-2149\eclipse_11919.dll
0x00007fffa4150000 - 0x00007fffa4201000 	C:\WINDOWS\System32\ADVAPI32.dll
0x00007fffa37f0000 - 0x00007fffa3898000 	C:\WINDOWS\System32\sechost.dll
0x00007fffa1c70000 - 0x00007fffa1c98000 	C:\WINDOWS\System32\bcrypt.dll
0x00007fffa4210000 - 0x00007fffa4324000 	C:\WINDOWS\System32\RPCRT4.dll
0x00007fffa43c0000 - 0x00007fffa4560000 	C:\WINDOWS\System32\ole32.dll
0x00007fffa28d0000 - 0x00007fffa2c63000 	C:\WINDOWS\System32\combase.dll
0x00007fff42fc0000 - 0x00007fff43ee6000 	C:\Users\altaf\Desktop\LMS\sts-5.1.1.RELEASE\plugins\org.eclipse.justj.openjdk.hotspot.jre.full.win32.x86_64_25.0.2.v20260203-1141\jre\bin\server\jvm.dll
0x00007fffa3510000 - 0x00007fffa3581000 	C:\WINDOWS\System32\WS2_32.dll
0x00007fffa1860000 - 0x00007fffa18ad000 	C:\WINDOWS\SYSTEM32\POWRPROF.dll
0x00007fff9bd40000 - 0x00007fff9bd74000 	C:\WINDOWS\SYSTEM32\WINMM.dll
0x00007fff85080000 - 0x00007fff8509e000 	C:\WINDOWS\SYSTEM32\VCRUNTIME140.dll
0x00007fff99bd0000 - 0x00007fff99bda000 	C:\WINDOWS\SYSTEM32\VERSION.dll
0x00007fff85070000 - 0x00007fff8507c000 	C:\WINDOWS\SYSTEM32\VCRUNTIME140_1.dll
0x00007fffa1840000 - 0x00007fffa1853000 	C:\WINDOWS\SYSTEM32\UMPDC.dll
0x00007fff8d7b0000 - 0x00007fff8d7ba000 	C:\Users\altaf\Desktop\LMS\sts-5.1.1.RELEASE\plugins\org.eclipse.justj.openjdk.hotspot.jre.full.win32.x86_64_25.0.2.v20260203-1141\jre\bin\jimage.dll
0x00007fff9f110000 - 0x00007fff9f343000 	C:\WINDOWS\SYSTEM32\DBGHELP.DLL
0x00007fffa2530000 - 0x00007fffa2607000 	C:\WINDOWS\System32\OLEAUT32.dll
0x00007fff8a890000 - 0x00007fff8a8c2000 	C:\WINDOWS\SYSTEM32\dbgcore.DLL
0x00007fffa1a30000 - 0x00007fffa1aab000 	C:\WINDOWS\System32\bcryptPrimitives.dll
0x00007fff67d00000 - 0x00007fff67d1e000 	C:\Users\altaf\Desktop\LMS\sts-5.1.1.RELEASE\plugins\org.eclipse.justj.openjdk.hotspot.jre.full.win32.x86_64_25.0.2.v20260203-1141\jre\bin\java.dll
0x00007fffa38a0000 - 0x00007fffa4142000 	C:\WINDOWS\System32\SHELL32.dll
0x00007fffa1b30000 - 0x00007fffa1c6f000 	C:\WINDOWS\System32\wintypes.dll
0x00007fffa09a0000 - 0x00007fffa09b8000 	C:\WINDOWS\SYSTEM32\kernel.appcore.dll
0x00007fff9f870000 - 0x00007fffa018e000 	C:\WINDOWS\SYSTEM32\windows.storage.dll
0x00007fffa4750000 - 0x00007fffa485b000 	C:\WINDOWS\System32\SHCORE.dll
0x00007fffa3130000 - 0x00007fffa3199000 	C:\WINDOWS\System32\shlwapi.dll
0x00007fffa18c0000 - 0x00007fffa18eb000 	C:\WINDOWS\SYSTEM32\profapi.dll
0x00007fff65110000 - 0x00007fff65127000 	C:\Users\altaf\Desktop\LMS\sts-5.1.1.RELEASE\plugins\org.eclipse.justj.openjdk.hotspot.jre.full.win32.x86_64_25.0.2.v20260203-1141\jre\bin\zip.dll
0x00007fff64690000 - 0x00007fff646a1000 	C:\Users\altaf\Desktop\LMS\sts-5.1.1.RELEASE\plugins\org.eclipse.justj.openjdk.hotspot.jre.full.win32.x86_64_25.0.2.v20260203-1141\jre\bin\net.dll
0x00007fffa0e40000 - 0x00007fffa0ea9000 	C:\WINDOWS\system32\mswsock.dll
0x00007fff619f0000 - 0x00007fff61a06000 	C:\Users\altaf\Desktop\LMS\sts-5.1.1.RELEASE\plugins\org.eclipse.justj.openjdk.hotspot.jre.full.win32.x86_64_25.0.2.v20260203-1141\jre\bin\nio.dll
0x00007fff9eab0000 - 0x00007fff9eb64000 	C:\WINDOWS\system32\uxtheme.dll
0x00007fffa3360000 - 0x00007fffa34c0000 	C:\WINDOWS\System32\MSCTF.dll
0x00007fffa26c0000 - 0x00007fffa2770000 	C:\WINDOWS\System32\clbcatq.dll
0x00007fff8df40000 - 0x00007fff8e086000 	C:\WINDOWS\SYSTEM32\textinputframework.dll
0x00007fff9b850000 - 0x00007fff9b85e000 	C:\Users\altaf\Desktop\LMS\sts-5.1.1.RELEASE\plugins\org.eclipse.justj.openjdk.hotspot.jre.full.win32.x86_64_25.0.2.v20260203-1141\jre\bin\sunmscapi.dll
0x00007fffa2390000 - 0x00007fffa24f7000 	C:\WINDOWS\System32\CRYPT32.dll
0x00007fffa1250000 - 0x00007fffa127d000 	C:\WINDOWS\SYSTEM32\ncrypt.dll
0x00007fffa1210000 - 0x00007fffa1247000 	C:\WINDOWS\SYSTEM32\NTASN1.dll
0x00007fffa10f0000 - 0x00007fffa1102000 	C:\WINDOWS\SYSTEM32\MSASN1.dll
0x00007fffa1090000 - 0x00007fffa10ab000 	C:\WINDOWS\SYSTEM32\CRYPTSP.dll
0x00007fffa08f0000 - 0x00007fffa0927000 	C:\WINDOWS\system32\rsaenh.dll
0x00007fffa10b0000 - 0x00007fffa10bc000 	C:\WINDOWS\SYSTEM32\CRYPTBASE.dll
0x00007fffa0ed0000 - 0x00007fffa0ef6000 	C:\WINDOWS\SYSTEM32\gpapi.dll
0x00007fffa0f30000 - 0x00007fffa0f58000 	C:\WINDOWS\SYSTEM32\USERENV.dll
0x00007fffa03f0000 - 0x00007fffa041d000 	C:\WINDOWS\SYSTEM32\IPHLPAPI.DLL
0x00007fffa2820000 - 0x00007fffa2829000 	C:\WINDOWS\System32\NSI.dll
0x00007fff9bf30000 - 0x00007fff9bf40000 	C:\Users\altaf\Desktop\LMS\sts-5.1.1.RELEASE\plugins\org.eclipse.justj.openjdk.hotspot.jre.full.win32.x86_64_25.0.2.v20260203-1141\jre\bin\verify.dll
0x00007fff99c50000 - 0x00007fff99c99000 	C:\Users\altaf\AppData\Local\Temp\jna-92913550\jna8925413632113871421.dll
0x00007fffa3120000 - 0x00007fffa3128000 	C:\WINDOWS\System32\PSAPI.DLL
0x00007fff9d3f0000 - 0x00007fff9d51c000 	C:\WINDOWS\SYSTEM32\winhttp.dll
0x00007fff9bf50000 - 0x00007fff9bf71000 	C:\Users\altaf\Desktop\LMS\sts-5.1.1.RELEASE\configuration\org.eclipse.osgi\452\0\.cp\swt-osversion-win32-4972r7.dll
0x00007fff65e90000 - 0x00007fff65f5a000 	C:\Users\altaf\Desktop\LMS\sts-5.1.1.RELEASE\configuration\org.eclipse.osgi\452\0\.cp\swt-win32-4972r7.dll
0x00007fffa3610000 - 0x00007fffa3714000 	C:\WINDOWS\System32\COMDLG32.dll
0x00007fff62f50000 - 0x00007fff62fcb000 	C:\WINDOWS\SYSTEM32\OLEACC.dll
0x00007fff78330000 - 0x00007fff78349000 	C:\WINDOWS\SYSTEM32\USP10.dll
0x00007fff9e250000 - 0x00007fff9e359000 	C:\WINDOWS\SYSTEM32\PROPSYS.dll
0x00007fff87500000 - 0x00007fff876f5000 	C:\WINDOWS\SYSTEM32\urlmon.dll
0x00007fff8b770000 - 0x00007fff8b777000 	C:\WINDOWS\SYSTEM32\MSIMG32.dll
0x00007fff9ed40000 - 0x00007fff9ed6e000 	C:\WINDOWS\SYSTEM32\dwmapi.dll
0x00007fff87240000 - 0x00007fff874ff000 	C:\WINDOWS\SYSTEM32\iertutil.dll
0x00007fff87210000 - 0x00007fff87238000 	C:\WINDOWS\SYSTEM32\srvcli.dll
0x00007fffa03e0000 - 0x00007fffa03ec000 	C:\WINDOWS\SYSTEM32\netutils.dll
0x00007fff68040000 - 0x00007fff680e8000 	C:\WINDOWS\SYSTEM32\WINSPOOL.DRV
0x00007fff89c50000 - 0x00007fff8a14e000 	C:\WINDOWS\SYSTEM32\WININET.dll
0x00007fff463a0000 - 0x00007fff46555000 	C:\Windows\System32\TaskFlowDataEngine.dll
0x00007fff65db0000 - 0x00007fff65ddc000 	C:\Users\altaf\Desktop\LMS\sts-5.1.1.RELEASE\configuration\org.eclipse.osgi\452\0\.cp\swt-gdip-win32-4972r7.dll
0x00007fff87700000 - 0x00007fff878c1000 	C:\WINDOWS\WinSxS\amd64_microsoft.windows.gdiplus_6595b64144ccf1df_1.1.22621.5415_none_57f86ab6ce1a51a8\gdiplus.dll
0x00007fff9e8d0000 - 0x00007fff9ea80000 	C:\WINDOWS\SYSTEM32\WindowsCodecs.dll
0x00007fff41df0000 - 0x00007fff41f70000 	C:\Users\altaf\Desktop\LMS\sts-5.1.1.RELEASE\plugins\org.eclipse.justj.openjdk.hotspot.jre.full.win32.x86_64_25.0.2.v20260203-1141\jre\bin\awt.dll
0x00007fff850a0000 - 0x00007fff85129000 	C:\WINDOWS\SYSTEM32\MSVCP140.dll
0x00007fff9bca0000 - 0x00007fff9bd38000 	C:\WINDOWS\SYSTEM32\apphelp.dll
0x00007fff65590000 - 0x00007fff65651000 	C:\WINDOWS\SYSTEM32\TextShaping.dll
0x00007fff3f1a0000 - 0x00007fff3f221000 	C:\Users\altaf\Desktop\LMS\sts-5.1.1.RELEASE\plugins\org.eclipse.justj.openjdk.hotspot.jre.full.win32.x86_64_25.0.2.v20260203-1141\jre\bin\mlib_image.dll
0x00007fff8d4b0000 - 0x00007fff8d4f2000 	C:\WINDOWS\system32\mlang.dll
0x00007fff9b870000 - 0x00007fff9b9a3000 	C:\WINDOWS\SYSTEM32\CoreMessaging.dll
0x00007fff98bb0000 - 0x00007fff98f1c000 	C:\WINDOWS\SYSTEM32\CoreUIComponents.dll
0x00007fff734d0000 - 0x00007fff734e7000 	C:\WINDOWS\system32\napinsp.dll
0x00007fff733b0000 - 0x00007fff733cb000 	C:\WINDOWS\system32\pnrpnsp.dll
0x00007fffa0460000 - 0x00007fffa0558000 	C:\WINDOWS\SYSTEM32\DNSAPI.dll
0x00007fff73390000 - 0x00007fff733a1000 	C:\WINDOWS\System32\winrnr.dll
0x00007fff99840000 - 0x00007fff9985f000 	C:\WINDOWS\system32\wshbth.dll
0x00007fff73360000 - 0x00007fff73381000 	C:\WINDOWS\system32\nlansp_c.dll
0x00007fff99640000 - 0x00007fff9964a000 	C:\Windows\System32\rasadhlp.dll
0x00007fff99860000 - 0x00007fff998e4000 	C:\WINDOWS\System32\fwpuclnt.dll
0x00007fff5ed40000 - 0x00007fff5edc7000 	C:\Users\altaf\Desktop\LMS\sts-5.1.1.RELEASE\plugins\org.eclipse.justj.openjdk.hotspot.jre.full.win32.x86_64_25.0.2.v20260203-1141\jre\bin\freetype.dll
0x00007fff59330000 - 0x00007fff5941f000 	C:\Users\altaf\Desktop\LMS\sts-5.1.1.RELEASE\plugins\org.eclipse.justj.openjdk.hotspot.jre.full.win32.x86_64_25.0.2.v20260203-1141\jre\bin\fontmanager.dll
0x00007fff651f0000 - 0x00007fff6524e000 	C:\WINDOWS\system32\dataexchange.dll
0x00007fff97a00000 - 0x00007fff97ca6000 	C:\WINDOWS\system32\twinapi.appcore.dll
0x00007fff9a920000 - 0x00007fff9ab99000 	C:\WINDOWS\SYSTEM32\DWrite.dll
0x00007fff625d0000 - 0x00007fff62894000 	C:\WINDOWS\system32\explorerframe.dll
0x00007fffa1590000 - 0x00007fffa15de000 	C:\WINDOWS\SYSTEM32\CFGMGR32.dll
0x00007fff60af0000 - 0x00007fff60afd000 	C:\WINDOWS\SYSTEM32\LINKINFO.dll
0x00007fff631c0000 - 0x00007fff6326f000 	C:\WINDOWS\SYSTEM32\ntshrui.dll
0x00007fffa0c20000 - 0x00007fffa0c63000 	C:\WINDOWS\SYSTEM32\SspiCli.dll
0x00007fff722b0000 - 0x00007fff722c2000 	C:\WINDOWS\SYSTEM32\cscapi.dll
0x00007fff9de20000 - 0x00007fff9dec5000 	C:\WINDOWS\SYSTEM32\policymanager.dll
0x00007fff9dd50000 - 0x00007fff9dde3000 	C:\WINDOWS\SYSTEM32\msvcp110_win.dll
0x00007fff6c100000 - 0x00007fff6c16d000 	C:\WINDOWS\system32\Ninput.dll
0x00007fff8d940000 - 0x00007fff8d949000 	C:\Users\altaf\Desktop\LMS\sts-5.1.1.RELEASE\plugins\org.eclipse.justj.openjdk.hotspot.jre.full.win32.x86_64_25.0.2.v20260203-1141\jre\bin\extnet.dll
0x00007fff6fc70000 - 0x00007fff6fc98000 	C:\WINDOWS\SYSTEM32\edputil.dll
0x00007fff6f160000 - 0x00007fff6f260000 	C:\WINDOWS\system32\opengl32.dll
0x00007fff8c5f0000 - 0x00007fff8c61d000 	C:\WINDOWS\SYSTEM32\GLU32.dll
0x00007fff9ebd0000 - 0x00007fff9ec07000 	C:\WINDOWS\SYSTEM32\dxcore.dll
0x00007fff78350000 - 0x00007fff78357000 	C:\Users\altaf\Desktop\LMS\sts-5.1.1.RELEASE\plugins\org.eclipse.justj.openjdk.hotspot.jre.full.win32.x86_64_25.0.2.v20260203-1141\jre\bin\rmi.dll

JVMTI agents: none

dbghelp: loaded successfully - version: 4.0.5 - missing functions: none
symbol engine: initialized successfully - sym options: 0x614 - pdb path: .;C:\Users\altaf\Desktop\LMS\sts-5.1.1.RELEASE;C:\WINDOWS\SYSTEM32;C:\WINDOWS\WinSxS\amd64_microsoft.windows.common-controls_6595b64144ccf1df_6.0.22621.5415_none_270d77d17387d7da;C:\Users\altaf\Desktop\LMS\sts-5.1.1.RELEASE\plugins\org.eclipse.equinox.launcher.win32.win32.x86_64_1.3.0.v20260203-2149;C:\Users\altaf\Desktop\LMS\sts-5.1.1.RELEASE\plugins\org.eclipse.justj.openjdk.hotspot.jre.full.win32.x86_64_25.0.2.v20260203-1141\jre\bin\server;C:\Users\altaf\Desktop\LMS\sts-5.1.1.RELEASE\plugins\org.eclipse.justj.openjdk.hotspot.jre.full.win32.x86_64_25.0.2.v20260203-1141\jre\bin;C:\Users\altaf\AppData\Local\Temp\jna-92913550;C:\Users\altaf\Desktop\LMS\sts-5.1.1.RELEASE\configuration\org.eclipse.osgi\452\0\.cp;C:\WINDOWS\WinSxS\amd64_microsoft.windows.gdiplus_6595b64144ccf1df_1.1.22621.5415_none_57f86ab6ce1a51a8

VM Arguments:
jvm_args: -XX:CompileCommand=quiet -XX:CompileCommand=exclude org.eclipse.jdt.internal.core.dom.rewrite.ASTRewriteAnalyzer::getExtendedRange --add-opens=java.base/java.io=ALL-UNNAMED --add-opens=java.base/sun.nio.ch=ALL-UNNAMED --add-opens=java.base/java.net=ALL-UNNAMED --add-opens=java.base/sun.security.ssl=ALL-UNNAMED -Dosgi.requiredJavaVersion=21 -Dosgi.dataAreaRequiresExplicitInit=true -Declipse.e4.inject.javax.warning=false -Dorg.slf4j.simpleLogger.defaultLogLevel=off -Declipse.platform.mergeTrust=true -Dp2.trustedAuthorities=https://download.eclipse.org,https://archive.eclipse.org,https://cdn.spring.io -XX:+UseG1GC -XX:+UseStringDeduplication --illegal-access=permit --add-modules=ALL-SYSTEM 
java_command: SpringToolsForEclipse
java_class_path (initial): C:\Users\altaf\Desktop\LMS\sts-5.1.1.RELEASE\\plugins/org.eclipse.equinox.launcher_1.7.100.v20251111-0406.jar
Launcher Type: generic

[Global flags]
     intx CICompilerCount                          = 4                                         {product} {ergonomic}
ccstrlist CompileCommand                           = quiet
          CompileCommand                          += exclude org.eclipse.jdt.internal.core.dom.rewrite.ASTRewriteAnalyzer::getExtendedRange            {product} {command line}
     uint ConcGCThreads                            = 2                                         {product} {ergonomic}
     uint G1ConcRefinementThreads                  = 8                                         {product} {ergonomic}
   size_t G1HeapRegionSize                         = 1048576                                   {product} {ergonomic}
   size_t InitialHeapSize                          = 130023424                                 {product} {ergonomic}
   size_t MarkStackSize                            = 4194304                                   {product} {ergonomic}
   size_t MarkStackSizeMax                         = 536870912                                 {product} {ergonomic}
   size_t MaxHeapSize                              = 2078277632                                {product} {ergonomic}
   size_t MaxNewSize                               = 1246756864                                {product} {ergonomic}
   size_t MinHeapDeltaBytes                        = 1048576                                   {product} {ergonomic}
   size_t MinHeapSize                              = 8388608                                   {product} {ergonomic}
    uintx NonNMethodCodeHeapSize                   = 5832704                                {pd product} {ergonomic}
    uintx NonProfiledCodeHeapSize                  = 122945536                              {pd product} {ergonomic}
    uintx ProfiledCodeHeapSize                     = 122880000                              {pd product} {ergonomic}
    uintx ReservedCodeCacheSize                    = 251658240                              {pd product} {ergonomic}
     bool SegmentedCodeCache                       = true                                      {product} {ergonomic}
   size_t SoftMaxHeapSize                          = 2078277632                             {manageable} {ergonomic}
     bool UseCompressedOops                        = true                           {product lp64_product} {ergonomic}
     bool UseG1GC                                  = true                                      {product} {command line}
     bool UseLargePagesIndividualAllocation        = false                                  {pd product} {ergonomic}
     bool UseStringDeduplication                   = true                                      {product} {command line}

Logging:
Log output configuration:
 #0: stdout all=warning uptime,level,tags foldmultilines=false
 #1: stderr all=off uptime,level,tags foldmultilines=false

Release file:
JAVA_VERSION="25.0.2" 
MODULES="java.base java.compiler java.datatransfer java.xml java.prefs java.desktop java.instrument java.logging java.management java.security.sasl java.naming java.rmi java.management.rmi java.net.http java.scripting java.security.jgss java.transaction.xa java.sql java.sql.rowset java.xml.crypto java.se java.smartcardio jdk.accessibility jdk.internal.jvmstat jdk.attach jdk.charsets jdk.internal.opt jdk.zipfs jdk.compiler jdk.crypto.cryptoki jdk.crypto.ec jdk.crypto.mscapi jdk.dynalink jdk.internal.ed jdk.editpad jdk.internal.vm.ci jdk.graal.compiler jdk.graal.compiler.management jdk.hotspot.agent jdk.httpserver jdk.internal.le jdk.internal.md jdk.jartool jdk.javadoc jdk.jcmd jdk.management jdk.management.agent jdk.jconsole jdk.jdeps jdk.jdwp.agent jdk.jdi jdk.jfr jdk.jshell jdk.jsobject jdk.jstatd jdk.localedata jdk.management.jfr jdk.naming.dns jdk.naming.rmi jdk.net jdk.nio.mapmode jdk.sctp jdk.security.auth jdk.security.jgss jdk.unsupported jdk.unsupported.desktop jdk.xml.dom" 

Environment Variables:
PATH=C:\Program Files\Java\jdk-17\bin;C:\Program Files\Common Files\Oracle\Java\javapath;C:\Program Files\java-se-8u41-ri\bin;C:\WINDOWS\system32;C:\WINDOWS;C:\WINDOWS\System32\Wbem;C:\WINDOWS\System32\WindowsPowerShell\v1.0\;C:\WINDOWS\System32\OpenSSH\;C:\Program Files\dotnet\;C:\Program Files (x86)\dotnet\;C:\MinGW\bin;C:\Program Files\nodejs\;C:\Program Files\MySQL\MySQL Shell 8.0\bin\;C:\Program Files\Java\jdk-17\bin;C:\Users\altaf\AppData\Local\Programs\Python\Python314\Scripts\;C:\Users\altaf\AppData\Local\Programs\Python\Python314\;C:\Users\altaf\AppData\Local\Microsoft\WindowsApps;C:\Users\altaf\AppData\Local\Programs\Microsoft VS Code\bin;C:\Users\altaf\AppData\Roaming\npm;C:\Users\altaf\AppData\Local\Programs\Kiro\bin;
USERNAME=altaf
OS=Windows_NT
PROCESSOR_IDENTIFIER=Intel64 Family 6 Model 140 Stepping 1, GenuineIntel
TMP=C:\Users\altaf\AppData\Local\Temp
TEMP=C:\Users\altaf\AppData\Local\Temp




Compilation memory statistics disabled.

Periodic native trim disabled

---------------  S Y S T E M  ---------------

OS:
 Windows 11 , 64 bit Build 22621 (10.0.22621.5415)
OS uptime: 0 days 5:51 hours
Hyper-V role detected

CPU: total 8 (initial active 8) (4 cores per cpu, 2 threads per core) family 6 model 140 stepping 1 microcode 0xbe, cx8, cmov, fxsr, ht, mmx, 3dnowpref, sse, sse2, sse3, ssse3, sse4.1, sse4.2, popcnt, lzcnt, tsc, tscinvbit, avx, avx2, aes, erms, clmul, bmi1, bmi2, adx, avx512f, avx512dq, avx512cd, avx512bw, avx512vl, sha, fma, vzeroupper, avx512_vpopcntdq, avx512_vpclmulqdq, avx512_vaes, avx512_vnni, clflush, clflushopt, clwb, avx512_vbmi2, avx512_vbmi, hv, rdtscp, rdpid, fsrm, gfni, avx512_bitalg, f16c, cet_ibt, cet_ss, avx512_ifma
Processor Information for the first 8 processors :
  Max Mhz: 2419, Current Mhz: 2419, Mhz Limit: 2419

Memory: 4k page, system-wide physical 7926M (744M free)
TotalPageFile size 19736M (AvailPageFile size 2059M)
current process WorkingSet (physical memory assigned to process): 442M, peak: 1148M
current process commit charge ("private bytes"): 1141M, peak: 1977M

vm_info: OpenJDK 64-Bit Server VM (25.0.2+10-LTS) for windows-amd64 JRE (25.0.2+10-LTS), built on 2026-01-20T00:00:00Z with MS VC++ 17.12 (VS2022)

END.
